п»ҝkey,text,english,notes,tag,checked,checked_by,date,google,chatgpt,gemini,claude,bing
version,6.02,6.02, ,float,True,,,,,,,
pdf_title,бһ”бҹ’бһҡбһңбһҸбҹ’бһҸбһ·бһҹбһ¶бһҹбҹ’бһҡбҹ’бһҸбһҳбһ“бһ»бһҹбҹ’бһҹбһҮбһ¶бһҸбһ· 6000 бһҶбҹ’бһ“бһ¶бҹҶбһҸбҹ’бһҡбһјбһңбһ”бһ¶бһ“бһҳбһҫбһӣбһғбһҫбһү,6000 years human history visualized,2026-02-12,text,True,,,,,,,
pdf_subject,бһҖбһ¶бһҡбһҖбҹҶбһҺбһҸбҹӢбһ–бҹҒбһӣбһңбҹҒбһӣбһ¶бһҡбһ”бһҹбҹӢбһҳбһ“бһ»бһҹбҹ’бһҹ,Timeline of humankind, ,text,False,,,,,,,
BCE,бһҳбһ»бһ“вҖӢбһӮ.бһҹ.,B.C.E., ,B9,True,,,,,,,
CE,бһӮ.бһҹ.,C.E., ,B9,True,,,,,,,
month,бһҒбҹӮ,month, ,text,False,,,,,,,
months,бһҒбҹӮ,months, ,text,False,,,,,,,
day,бһҗбҹ’бһ„бҹғ,day, ,text,False,,,,,,,
days,бһҗбҹ’бһ„бҹғ,days, ,text,False,,,,,,,
to,бһ‘бҹ…,to, ,text,False,,,,,,,
Deluge,бһ‘бһ№бһҖбһҮбҹҶбһ“бһ“бҹӢ,Deluge, ,text,False,,,,,,,
moses2,1593 бһҠбһӣбҹӢ 1473 бһҳбһ»бһ“бһӮ.бһҹ. - 120 бһҶбҹ’бһ“бһ¶бҹҶбҹ”,1593 to 1473 B.C.E. вҖ“ 120 years, ,text,False,,,,,,,
temple1,бһҒбҹӮвҖӢбһҺбҹӮбһҹбһ¶бһ“ бһҶбҹ’бһ“бһ¶бҹҶ 1513 бһҳбһ»бһ“ бһӮ.бһҹ. бһ‘бҹ… бһҹбҹҠбһёбһң 1034 бһҳбһ»бһ“бһӮбҹ”,Nisan 1513 B.C.E. to Ziv 1034 B.C.E., ,text,False,,,,,,,
69weeks,бһ–бҹ’бһҡбҹҮвҖӢбһҷбҹҒбһҹбҹҠбһјвҖӢбһ”бһ¶бһ“вҖӢбһ’бҹ’бһңбһҫвҖӢбһ”бһ»бһҺбҹ’бһҷвҖӢбһҮбҹ’бһҡбһҳбһ»бһҮвҖӢбһ‘бһ№бһҖвҖӢбһ“бҹ…вҖӢбһҡбһҠбһјбһңвҖӢбһҹбҹ’бһӣбһ№бһҖвҖӢбһҲбһҫвҖӢбһҮбҹ’бһҡбһ»бҹҮ бһҶбҹ’бһ“бһ¶бҹҶ 29 бһӮ.бһҹ.,Jesus baptized autumn 29 C.E., ,text,False,,,,,,,
year,бһҶбҹ’бһ“бһ¶бҹҶ,year,"timespan, age (Adam was 130 years old when Shem was born)",text,True,,,,,,,
years,бһҶбҹ’бһ“бһ¶бҹҶ,years, ,text,False,,,,,,,
years_age,бһҶбҹ’бһ“бһ¶бҹҶ,years,"years when used as age for a person (different word than years in some languages), like he is 23 years old",text,False,,,,,,,
age_kings, , ,"if the word ""year"" appears after the numeral, like ""at the age of 35 years""",text,False,,,,,,,
wilderness,бһўбҹҠбһёбһҹбҹ’бһҡбһ¶бһўбҹӮбһӣбһ“бҹ…бһ‘бһёбһҡбһ бҹ„бһҹбҹ’бһҗбһ¶бһ“бһ–бһёбһҶбҹ’бһ“бһ¶бҹҶ 1513 бһҠбһӣбҹӢ 1473 бһҳбһ»бһ“бһӮ. - 40 бһҶбҹ’бһ“бһ¶бҹҶбҹ”,Israel in the wilderness 1513 to 1473 B.C.E. вҖ“ 40 years, ,text,False,,,,,,,
timespan_judges,1473 бһҠбһӣбҹӢ 1117 бһҳбһ»бһ“бһӮ.бһҹ. - 356 бһҶбҹ’бһ“бһ¶бҹҶбҹ”,1473 to 1117 B.C.E. вҖ“ 356 years, ,text,False,,,,,,,
timespan_judges2,бһ–бҹҒбһӣбһңбҹҒбһӣбһ¶бһҡбһ”бһҹбҹӢбһ…бҹ…бһҖбҹ’бһҡбһҳ,Time of the judges, ,text,False,,,,,,,
temple2,479 бһҶбҹ’бһ“бһ¶бҹҶвҖӢбһҡбһ бһјбһҸвҖӢбһҠбһӣбҹӢвҖӢбһҖбһ¶бһҡвҖӢбһҹбһ¶бһ„бһҹбһ„бҹӢвҖӢбһ–бҹ’бһҡбҹҮбһңбһ·бһ бһ¶бһҡвҖӢбһ”бһҡбһ·бһҹбһ»бһ‘бҹ’бһ’ вҖ” бһ–бһ„бҹ’бһҹбһ¶бһңбһҸбһ¶бһҡбһҖбҹ’бһҹбһҸбҹ’бһҡвҖӢбһ‘бһё 1 6:1,479 years until the temple construction вҖ“ 1 Kings 6:1,1034 BCE,text,False,,,,,,,
69weeks2,69 бһҹбһ”бҹ’бһҸбһ¶бһ бҹҚбһҠбһӣбҹӢбһ–бҹ’бһҡбҹҮбһҳбҹҒбһҹбҹ’бһҹбҹҠбһё - бһҠбһ¶бһ“бһёбһҷбҹүбҹӮбһӣ 9: 25,69 weeks to the Messiah вҖ“ Daniel 9:25, ,text,False,,,,,,,
jesus_service,3.5 бһҶбҹ’бһ“бһ¶бҹҶвҖӢбһ“бҹғвҖӢбһҖбһ¶бһҡвҖӢбһ”бһҳбҹ’бһҡбһҫвҖӢбһ–бҹ’бһҡбҹҮвҖӢбһҷбҹҒбһҹбҹҠбһј бһҸбҹ’бһҡбһјбһңвҖӢбһ”бҹ’бһҡбһ бһ¶бһҡвҖӢбһҮбһёбһңбһ·бһҸвҖӢбһҗбҹ’бһ„бҹғвҖӢбһ‘бһё 14 бһҒбҹӮвҖӢбһҺбҹӮбһҹбһ¶бһ“ бһҶбҹ’бһ“бһ¶бҹҶ 33 бһӮ.бһҹ.,"3.5 years of Jesus service, executed Nisan 14th, 33 C.E.", ,text,False,,,,,,,
jesus_life,бһ–бҹ’бһҡбҹҮбһҷбҹҒбһҹбҹҠбһјбһңвҖӢбһ”бһ¶бһ“вҖӢбһ”бҹ’бһҡбһҹбһјбһҸвҖӢбһ“бҹ…вҖӢбһҶбҹ’бһ“бһ¶бҹҶ 2 бһҳбһ»бһ“бһӮ.бһҹ.,Jesus born 2 B.C.E., ,text,False,,,,,,,
exile,607 бһҠбһӣбҹӢ 537 бһҳбһ»бһ“бһӮ.бһҹ. вҖ” 70 бһҶбҹ’бһ“бһ¶бҹҶ (бһҷбҹҒбһҡбҹҒбһҳбһ¶ 25:11),607 to 537 B.C.E. вҖ“ 70 years (Jeremiah 25:11), ,text,False,,,,,,,
exile2,бһ“бһ·бһҡбһ‘бҹҒбһҹбһҒбҹ’бһӣбһҪбһ“,Exile, ,text,False,,,,,,,
7times2,7 бһҠбһ„ вҖ“ 2520 бһҶбҹ’бһ“бһ¶бҹҶвҖӢбһҠбһӣбҹӢвҖӢбһҡбһ¶бһҮбһ¶бһҺбһ¶бһ…бһҖбҹ’бһҡвҖӢбһҳбҹҒбһҹбҹ’бһҹбҹҠбһё бһҶбҹ’бһ“бһ¶бҹҶ 1914 бһӮ.бһҹ. (бһҠбһ¶бһ“бһёбһҷбҹүбҹӮбһӣ 4:23),7 times вҖ“ 2520 years to the Messianic Kingdom 1914 C.E. (Daniel 4:23), ,text,False,,,,,,,
ww1,бһҹбһ„бҹ’бһӮбҹ’бһҡбһ¶бһҳбһӣбҹ„бһҖбһӣбһҫбһҖбһ‘бһё 1 - 1914-1918 бһӮ.,World War I вҖ“ 1914вҖ“1918, ,text,False,,,,,,,
ww2,бһҹбһ„бҹ’бһӮбҹ’бһҡбһ¶бһҳбһӣбҹ„бһҖбһӣбһҫбһҖбһ‘бһё 2 - 1939-1945 бһӮ.,World War II вҖ“ 1939вҖ“1945, ,text,False,,,,,,,
30_year_war,бһҹбһ„бҹ’бһӮбҹ’бһҡбһ¶бһҳбһҹбһ¶бһҳбһҹбһ·бһ”бһҶбҹ’бһ“бһ¶бҹҶбһ“бҹ…бһўбһәбһҡбҹүбһ»бһ” 1618-1648,Thirty Years' War in Europe 1618-1648, ,text,False,,,,,,,
joshua,110 бһҶбҹ’бһ“бһ¶бҹҶбҹ”,110 years, ,text,False,,,,,,,
caleb,бһҮбһ¶бһ„ 85 бһҶбҹ’бһ“бһ¶бҹҶбҹ”,more than 85 years, ,text,False,,,,,,,
missionary1,бһҠбҹҶбһҺбһҫбһҡбһ•бҹ’бһҹбһ„бһ–бҹ’бһҡбҹҒбһ„бһҠбҹҶбһ”бһјбһ„бһҡбһ”бһҹбҹӢбһ”бҹүбһ»бһӣ бһӮ. 47вҖ“48 бһӮ.бһҹ. бһҮбһ¶бһҳбһҪбһҷвҖӢбһ”бһ¶бһҺбһ¶бһ”бһ¶бһҹ бһ“бһ·бһ„вҖӢбһҷбҹүбһјбһ бһ¶бһ“ бһҳбҹүбһ¶бһҖбһ»бһҹ,"First Missionary Journey of Paul, c. 47-48 C.E. with Barnabas and John Mark", ,text,False,,,,,,,
circumcision,бһ”бһүбҹ’бһ бһ¶бһҖбһ¶бһҸбҹӢбһҹбҹ’бһ”бҹӮбһҖбһ“бҹ…бһҖбҹ’бһҡбһ»бһ„бһўбһ¶бһ“бҹӢбһ‘бһёбһҷбҹүбһјбһҖ бһҹбһ“бҹ’бһ“бһ·бһҹбһёбһ‘бһ“бҹ…бһ‘бһёбһҖбҹ’бһҡбһ»бһ„бһҷбҹҒбһҡбһјбһҹбһ¶бһЎбһ№бһҳ бһӮ. 49 бһӮ.бһҹ.,"Circumcision issue at Antioch, conference in Jerusalem c. 49 C.E.", ,text,False,,,,,,,
missionary2,бһҠбҹҶбһҺбһҫбһҡбһ•бҹ’бһҹбһ„бһ–бҹ’бһҡбҹҒбһ„бһ‘бһёбһ–бһёбһҡ бһӮ. 49-52 бһӮ.бһҹ. бһҮбһ¶бһҳбһҪбһҷбһҹбҹҠбһёбһЎбһ¶бһҹ (бһҹбҹҠбһёбһӣбһңбҹүбһ¶бһ“бһ»бһҹ),Second Missionary Journey c. 49-52 C.E with Silas (Silvanus), ,text,False,,,,,,,
missionary3,бһҠбҹҶбһҺбһҫбһҡбһ•бҹ’бһҹбһ„бһ–бҹ’бһҡбҹҒбһ„бһ‘бһёбһ”бһё бһӮ. 52-56 бһӮ.бһҹ.,Third Missionary Journey c. 52-56 C.E., ,text,False,,,,,,,
caesarea,бһ”бҹүбһјбһӣвҖӢбһҠбҹӮбһӣвҖӢбһҮбһ¶бһ”бҹӢвҖӢбһғбһ»бҹҶбһғбһ¶бҹҶбһ„вҖӢбһ“бҹ…вҖӢбһҹбҹҒбһҹбһ¶бһҡбһ¶ бһӮ. 56-58 бһӮ.бһҹ.,Paul in custody in Caesarea c. 56-58 C.E., ,text,False,,,,,,,
rome1,бһҖбһ¶бһҡбһҮбһ¶бһ”бҹӢбһӮбһ»бһҖбһҠбҹҶбһ”бһјбһ„бһҡбһ”бһҹбҹӢбһ”бҹүбһјбһӣбһ“бҹ…бһ‘бһёбһҖбҹ’бһҡбһ»бһ„бһҡбҹүбһјбһҳ бһӮ. 59-61 бһӮ.бһҹ.,PaulвҖҷs first imprisonment in Rome c. 59-61 C.E., ,text,False,,,,,,,
rome2,бһҖбһ¶бһҡбһҮбһ¶бһ”бҹӢбһӮбһ»бһҖбһӣбһҫбһҖбһ‘бһёбһ–бһёбһҡбһҡбһ”бһҹбҹӢбһ”бҹүбһјбһӣбһ“бҹ…бһ‘бһёбһҖбҹ’бһҡбһ»бһ„бһҡбҹүбһјбһҳ бһӮ. 65 бһӮ.бһҹ. бһ’бһёбһҳбҹүбһјбһҗбҹҒбһ‘бһё2 бһ”бһ¶бһ“бһҹбһҡбһҹбҹҒбһҡбһҗбһ¶ бһ”бҹүбһ»бһӣбһ”бһ¶бһ“бһ”бҹ’бһҡбһ бһ¶бһҡбһҮбһёбһңбһ·бһҸ,"PaulвҖҷs second imprisonment in Rome c. 65 C.E., 2 Timothy written, Paul executed", ,text,False,,,,,,,
event_exodus,бһ“бһ·бһҖбҹ’бһҒбһҳбһ“бҹҶвҖӢбһ…бҹҒбһүвҖӢбһ–бһёвҖӢбһ”бҹ’бһҡбһ‘бҹҒбһҹвҖӢбһўбҹҒбһҹбҹҠбһёбһ”вҖӢбһ“бҹ…вҖӢбһҗбҹ’бһ„бҹғвҖӢбһ‘бһё 14 бһҒбҹӮвҖӢбһҺбҹӮбһҹбһ¶бһ“ бһҶбҹ’бһ“бһ¶бҹҶ 1513 бһҳбһ»бһ“ бһӮ.бһҹ.,"Exodus from Egypt on Nisan 14th, 1513 B.C.E.", ,text,False,,,,,,,
event_division_kingdom,бһ•бҹ’бһ“бҹӮбһҖбһ“бҹғбһўбҹҠбһёбһҹбҹ’бһҡбһ¶бһўбҹӮбһӣ 997 бһҳбһ»бһ“бһӮ.бһҹ,Division of Israel 997 BCE, ,text,False,,,,,,,
event_destruction_samaria,бһҖбһ¶бһҡбһ”бҹҶбһ•бҹ’бһӣбһ·бһ…бһ”бҹҶбһ•бҹ’бһӣбһ¶бһүбһҹбҹ’бһҡбһ»бһҖбһҹбһ¶бһҳбҹүбһ¶бһҡбһё 740 бһҳбһ»бһ“бһӮ.бһҹ. бһҠбҹ„бһҷ бһўбһ¶бһҹбҹ’бһҹбҹҠбһёбһҡбһё,Destruction of Samaria 740 B.C.E. by Assyria,Destruction of Samaria 740 B.C.E. by Assyria,text,False,,,,,,,
event_destruction_jerusalem1,бһҖбһ¶бһҡбһ”бҹҶбһ•бҹ’бһӣбһ·бһ…бһ”бҹҶбһ•бҹ’бһӣбһ¶бһүбһҖбҹ’бһҡбһ»бһ„бһҷбҹҒбһҡбһјбһҹбһ¶бһЎбһ№бһҳ 607 бһҳбһ»бһ“бһӮ. бһҠбҹ„бһҷбһ”бһ¶бһ”бҹҠбһёбһЎбһјбһ“ 390 бһҶбҹ’бһ“бһ¶бҹҶбһ”бһ“бҹ’бһ‘бһ¶бһ”бҹӢбһ–бһёбһҖбһ¶бһҡбһ”бҹӮбһҖбһ”бһ¶бһҖбҹӢбһ“бҹғбһ“бһӮбһҡ (бһўбҹҒбһҹбҹҒбһӮбһ¶бһӣ 4: 5),"Destruction of Jerusalem 607 B.C.E. by Babylon, 390 years after the division of the kingdom (Ezekiel 4:5)", ,text,False,,,,,,,
event_temple_rebuilt,бһ”бҹ’бһҡбһ¶бһҹбһ¶бһ‘вҖӢбһ“бҹ…вҖӢбһҖбҹ’бһҡбһ»бһ„вҖӢбһҷбҹҒбһҡбһјбһҹбһ¶бһЎбһ№бһҳвҖӢбһ”бһ¶бһ“вҖӢбһҖбһҹбһ¶бһ„вҖӢбһЎбһҫбһ„вҖӢбһңбһ·бһүвҖӢбһ“бҹ…вҖӢбһҶбҹ’бһ“бһ¶бҹҶ 515 бһҳбһ»бһ“вҖӢбһӮ.бһҹ.,Temple in Jerusalem rebuilt 515 B.C.E., ,text,False,,,,,,,
event_jerusalem_rebuilt,бһҮбһүбҹ’бһҮбһ¶бҹҶбһ„вҖӢбһҖбҹ’бһҡбһ»бһ„вҖӢбһҷбҹҒбһҡбһјбһҹбһ¶бһЎбһ·бһҳвҖӢбһ”бһ¶бһ“вҖӢбһҖбһҹбһ¶бһ„вҖӢбһЎбһҫбһ„вҖӢбһңбһ·бһүвҖӢбһ“бҹ…вҖӢбһҶбҹ’бһ“бһ¶бҹҶ 455 бһҳбһ»бһ“бһӮ.бһҹ.,Jerusalem wall rebuilt 455 B.C.E., ,text,False,,,,,,,
event_destruction_jerusalem2,бһҖбһ¶бһҡбһ”бҹҶбһ•бҹ’бһӣбһ·бһ…бһ”бҹҶбһ•бҹ’бһӣбһ¶бһүбһҖбҹ’бһҡбһ»бһ„бһҷбҹҒбһҡбһјбһҹбһ¶бһЎбһ·бһҳбһҶбҹ’бһ“бһ¶бҹҶ 70 бһ“бҹғбһӮ.бһҹ. бһҠбҹ„бһҷбһ‘бһёбһҖбҹ’бһҡбһ»бһ„бһҡбҹүбһјбһҳбһ“бҹ…бһҖбҹ’бһҡбҹ„бһҳбһ‘бһёбһҸбһ»бһҹ,Destruction of Jerusalem 70 C.E. by Rome under Titus, ,text,False,,,,,,,
event_1914,бһ…бһ»бһ„бһ”бһүбҹ’бһ…бһ”бҹӢбһ“бҹғбһӮбҹ’бһҡбһ¶бһ“бҹғбһ”бҹ’бһҡбһҮбһ¶бһҮбһ¶бһҸбһ·бһ“бһ¶бһ“бһ¶ (бһӣбһјбһҖбһ¶ 21:24) бһҡбһ¶бһҮбһ¶бһҺбһ¶бһ…бһҖбҹ’бһҡбһҡбһ”бһҹбҹӢбһ–бҹ’бһҡбҹҮбһ…бһ¶бһ”бҹӢбһ•бҹ’бһҸбһҫбһҳбһӮбҹ’бһҡбһ”бҹӢбһӮбҹ’бһҡбһ„бһ“бҹ…бһҹбҹ’бһҗбһ¶бһ“бһҹбһҪбһӮбҹҢбһ“бҹ…бһҶбҹ’бһ“бһ¶бҹҶ 1914 бһӮ.бһҹ.,"End of the time of the nations (Luke 21:24), GodвҖҷs Kingdom starts to rule in heaven 1914 C.E.",include scripture Luke 21:24,text,False,,,,,,,
became_king,бһ”бһ¶бһ“бһҖбҹ’бһӣбһ¶бһҷбһҮбһ¶бһҹбҹ’бһҸбҹҒбһ…бһ“бҹ…бһўбһ¶бһҷбһ»,becomes king at age, ,text,False,,,,,,,
vulgate,Vulgate бһ”бһ¶бһ“бһ”бһүбҹ’бһ…бһ”бҹӢбһҠбҹ„бһҷ Jerome (бһҖбһ¶бһҡбһ”бһҖбһ”бҹ’бһҡбҹӮбһҮбһ¶бһЎбһ¶бһҸбһ¶бҹҶбһ„бһ“бҹғбһ–бҹ’бһҡбҹҮбһӮбһҳбҹ’бһ–бһёбһҡ) бһӮ. 405 бһӮ.бһҹ.,Vulgate completed by Jerome (Latin translation of the bible) c. 405 C.E., ,text,False,,,,,,,
gutenberg,бһҹбҹҖбһңбһ—бҹ… Gutenberg бһ”бҹ„бҹҮбһ–бһ»бһҳбҹ’бһ–бһҶбҹ’бһ“бһ¶бҹҶ 1455,Gutenberg Bible printed 1455, ,text,False,,,,,,,
erasmus,бһўбһҸбҹ’бһҗбһ”бһ‘бһҮбһ¶бһ—бһ¶бһҹбһ¶бһҖбҹ’бһҡбһ·бһ…бһ“бҹғбһ”бһ‘бһӮбһҳбҹ’бһ–бһёбһҡбһ—бһ¶бһҹбһ¶бһҖбҹ’бһҡбһ·бһ…бһҡбһ”бһҹбҹӢбһӮбҹ’бһҡбһ·бһҹбҹ’бһҸбһ”бһҡбһ·бһҹбҹҗбһ‘ бһ”бҹ„бҹҮбһ–бһ»бһҳбҹ’бһ–бһҠбҹ„бһҷ Desiderius Erasmus бһ“бҹғбһ‘бһёбһҖбҹ’бһҡбһ»бһ„ Rotterdam бһҶбҹ’бһ“бһ¶бҹҶ 1516,Greek text of Christian Greek Scriptures published by Desiderius Erasmus of Rotterdam 1516, ,text,False,,,,,,,
luther,бһҖбһ¶бһҡвҖӢбһ”бһҖвҖӢбһ”бҹ’бһҡбҹӮ Luther Bible бһ“бҹ…вҖӢбһҒбҹӮвҖӢбһҖбһүбҹ’бһүбһ¶ бһҶбҹ’бһ“бһ¶бҹҶ 1522,Luther Bible translation in September 1522, ,text,False,,,,,,,
tyndale,бһҖбһ¶бһҡбһ”бһҖбһ”бҹ’бһҡбҹӮбһ–бҹ’бһҡбҹҮбһӮбһҳбҹ’бһ–бһёбһҡбһҮбһ¶бһ—бһ¶бһҹбһ¶бһўбһ„бҹӢбһӮбҹ’бһӣбҹҒбһҹбһҠбҹ„бһҷ Tyndale 1536,English Bible translation by Tyndale 1536, ,text,False,,,,,,,
king_james,King James Bible 1611,King James Bible 1611, ,text,False,,,,,,,
69weeks3,"бһ–бҹ’бһҡбҹҮвҖӢбһҷбҹҒбһҹбҹҠбһјвҖӢбһ…бһ¶бһ”бҹӢвҖӢбһ•бҹ’бһҠбһҫбһҳвҖӢбһ”бһҳбҹ’бһҡбһҫвҖӢбһ‘бҹ’бһҡбһ„бҹӢ 29 бһӮ.бһҹ. (бһӣбһјбһҖбһ¶ 3:1, 21)","Jesus starts his service 29 CE (Luke 3:1, 21)", ,text,False,,,,,,,
ransom,бһ–бһ¶бһҖбҹӢбһҖбһҺбҹ’бһҸбһ¶бһӣбһҹбһ”бҹ’бһҸбһ¶бһ бҹҚ В«бһҖбһ¶бһҡбһӣбҹҮбһ”бһ„бҹӢбһҠбһҫбһҳбҹ’бһ”бһёбһҲбһ”бҹӢВ» бһҠбһ¶бһ“бһёбһҷбҹүбҹӮбһӣ 9:27,Middle of week вҖңsacrifice to ceaseвҖқ Daniel 9:27, ,text,False,,,,,,,
cornelius,бһҖбһјбһ“бҹҒбһӣбһ¶бһҹвҖӢбһ”бһ¶бһ“вҖӢбһ‘бһ‘бһҪбһӣвҖӢбһ”бһ»бһҺбҹ’бһҷвҖӢбһҮбҹ’бһҡбһҳбһ»бһҮвҖӢбһ‘бһ№бһҖвҖӢбһ“бҹ…вҖӢбһ…бһ»бһ„вҖӢбһ”бһүбҹ’бһ…бһ”бҹӢвҖӢбһ“бҹғ 70 бһҹбһ”бҹ’бһҸбһ¶бһ бҹҚ (бһҠбһ¶бһ“бһёбһҷбҹүбҹӮбһӣ 9:24) бһҖбҹ’бһ“бһ»бһ„вҖӢбһҶбҹ’бһ“бһ¶бҹҶ 36 бһӮ.бһҹ.,Cornelius baptized at the end of 70 weeks (Daniel 9:24) in 36 C.E., ,text,False,,,,,,,
columbus,бһ…бһ»бһ„бһ”бһүбҹ’бһ…бһ”бҹӢбһ“бҹғбһҹбһҳбҹҗбһҷбһҳбһ»бһ“бһҖбһјбһЎбһ»бҹҶбһ”бҹҠбһёбһ“бҹ…бһўбһ¶бһҳбҹҒбһҡбһ·бһҖ 1492,End of the pre-columbian period in the Americas 1492, ,text,False,,,,,,,
declaration_independence,бһҖбһ¶бһҡбһ”бҹ’бһҡбһҖбһ¶бһҹбһҜбһҖбһҡбһ¶бһҮбҹ’бһҷбһ“бҹғбһўбһ¶бһҺбһ¶бһ“бһ·бһӮбһҳбһ…бҹҶбһ“бһҪбһ“ 13 бһ“бҹ…бһўбһ¶бһҳбҹҒбһҡбһ·бһҖ 1776,Declaration of independence of 13 colonies in America 1776, ,text,False,,,,,,,
tischendorf,Tischendorf бһҡбһҖбһғбһҫбһү Codex Sinaiticus бһ–бһёбһҹбһҸбһңбһҸбҹ’бһҹбһ‘бһё 4 бһҖбҹ’бһ“бһ»бһ„бһҶбҹ’бһ“бһ¶бҹҶ 1844,Tischendorf discovers the Codex Sinaiticus from the 4th century in 1844, ,text,False,,,,,,,
dead_sea_scrolls,бһҡбһҳбһјбһҡбһҹбһҳбһ»бһ‘бҹ’бһҡбһҹбҹ’бһӣбһ¶бһ”бҹӢбһҸбҹ’бһҡбһјбһңбһ”бһ¶бһ“бһҹбһҡбһҹбҹҒбһҡ,Dead Sea Scrolls written, ,text,False,,,,,,,
septuagint,Septuagint LXX бһ”бһҖбһ”бҹ’бһҡбҹӮ,Septuagint LXX translated, ,text,False,,,,,,,
watchtower,бһҹбҹҖбһңбһ—бҹ…вҖӢбһҠбҹҶбһ”бһјбһ„вҖӢбһ“бҹғвҖӢВ«вҖӢбһ”бҹүбһҳвҖӢбһҷбһ¶бһҳвҖӢбһҹбҹҠбһёбһҷбҹүбһјбһ“вҖӢбһ“бһ·бһ„вҖӢбһҖбһ¶бһҡвҖӢбһ”бҹ’бһҡбһҖбһ¶бһҹвҖӢбһўбҹҶбһ–бһёвҖӢбһңбһҸбҹ’бһҸбһҳбһ¶бһ“вҖӢбһҡбһ”бһҹбҹӢвҖӢбһ–бҹ’бһҡбҹҮвҖӢбһӮбҹ’бһҡбһёбһҹбҹ’бһ‘В» бһҸбҹ’бһҡбһјбһңвҖӢбһ”бһ¶бһ“вҖӢбһ”бҹ„бҹҮбһ–бһ»бһҳбҹ’бһ–вҖӢбһҖбҹ’бһ“бһ»бһ„вҖӢбһҶбҹ’бһ“бһ¶бҹҶ 1879,The first issue of вҖңZionвҖҷs Watch Tower and Herald of ChristвҖҷs PresenceвҖқ is published in 1879, ,text,False,,,,,,,
jehovahs_witnesses,"бһҹбһ·бһҹбҹ’бһҹвҖӢбһӮбһҳбҹ’бһ–бһёбһҡвҖӢбһ”бһ¶бһ“вҖӢбһҷбһҖвҖӢбһҲбҹ’бһҳбҹ„бҹҮвҖӢбһҗбҹ’бһҳбһё бһӮбһәвҖӢбһҹбһ¶бһҖбҹ’бһҹбһёвҖӢбһ–бҹ’бһҡбҹҮвҖӢбһҷбҹҒбһ бһјбһңбҹүбһ¶ (бһўбҹҒбһҹбһ¶бһҷ 43:10, 12) бһ“бҹ…вҖӢбһҖбҹ’бһҡбһ»бһ„вҖӢбһҖбһјбһЎбһ»бҹҶбһ”бһ№бһҹ бһўбһјбһ бҹғбһўбһј бһҶбҹ’бһ“бһ¶бҹҶ 1931","The Bible Students adopt a new name вҖ“ JehovahвҖҷs Witnesses (Isaiah 43:10, 12) in Columbus, Ohio, 1931",include scripture,text,False,,,,,,,
gilead_school,бһҹбһ¶бһӣбһ¶вҖӢбһ–бҹ’бһҡбҹҮбһӮбһҳбҹ’бһ–бһёбһҡвҖӢбһҖбһ¶бһЎбһ¶бһҠвҖӢбһҡбһ”бһҹбҹӢвҖӢбһ”бҹүбһҳбһҷбһ¶бһҳвҖӢбһ”бһ¶бһ“вҖӢбһ…бһ¶бһ”бҹӢвҖӢбһ•бҹ’бһҠбһҫбһҳвҖӢбһ“бҹ…вҖӢбһҗбҹ’бһ„бҹғвҖӢбһ…бҹҗбһ“бҹ’бһ‘ бһ‘бһёвҖӢ1 бһҒбҹӮвҖӢбһҖбһ»бһҳбҹ’бһ—бҹҲ бһҶбҹ’бһ“бһ¶бҹҶвҖӢ1943,"Watchtower Bible School of Gilead begins on Monday, February 1, 1943", ,text,False,,,,,,,
new_world_translation1,В«бһҖбһ¶бһҡвҖӢбһ”бһҖвҖӢбһ”бҹ’бһҡбҹӮвҖӢбһ–бһ·бһ—бһ–вҖӢбһӣбҹ„бһҖвҖӢбһҗбҹ’бһҳбһёвҖӢбһ“бҹғвҖӢбһ”бһ‘вҖӢбһӮбһҳбҹ’бһ–бһёбһҡвҖӢбһ”бһҡбһ·бһҹбһ»бһ‘бҹ’бһ’В» бһҠбҹӮбһӣвҖӢбһ”бһ¶бһ“вҖӢбһ…бҹҒбһүвҖӢбһ•бҹ’бһҹбһ¶бһҷвҖӢбһ“бҹ…вҖӢбһҖбҹ’бһҡбһ»бһ„ Manchester бһ”бҹ’бһҡбһ‘бҹҒбһҹвҖӢбһўбһ„бҹӢбһӮбҹ’бһӣбҹҒбһҹ бһ“бҹ…вҖӢбһҗбҹ’бһ„бҹғвҖӢбһ‘бһё18 бһҒбҹӮвҖӢбһҳбһ·бһҗбһ»бһ“бһ¶ бһҶбҹ’бһ“бһ¶бҹҶвҖӢ1960 бһ”бһ„бҹ’бһ бһ¶бһүвҖӢбһ–бҹ’бһҡбҹҮвҖӢбһ“бһ¶бһҳвҖӢбһ–бҹ’бһҡбҹҮвҖӢбһҷбҹҒбһ бһјбһңбҹүбһ¶вҖӢбһЎбһҫбһ„вҖӢбһңбһ·бһүвҖӢбһҖбҹ’бһ“бһ»бһ„вҖӢбһ•бҹ’бһ“бҹӮбһҖвҖӢбһҮбһ¶вҖӢбһ…бҹ’бһҡбһҫбһ“вҖӢбһ“бҹғвҖӢбһӮбһҳбҹ’бһ–бһёбһҡбҹ”,"вҖңNew World Translation of the Holy ScripturesвҖқ released in Manchester, England on June 18, 1960, reintroduces the name Jehovah in many parts of the Bible",hightlight reintroduction of JehovahвҖҷs name,text,False,,,,,,,
new_world_translation2,бһ”бһ¶бһ“бһҖбҹӮбһ”бҹ’бһҡбҹӮ В«бһҖбһ¶бһҡбһ”бһҖбһ”бҹ’бһҡбҹӮбһ–бһ·бһ—бһ–бһӣбҹ„бһҖбһҗбҹ’бһҳбһёбһ“бҹғбһ”бһ‘бһӮбһҳбҹ’бһ–бһёбһҡбһ”бһҡбһ·бһҹбһ»бһ‘бҹ’бһ’В» бһҠбҹӮбһӣбһ”бһ¶бһ“бһ…бҹҒбһүбһ•бҹ’бһҹбһ¶бһҷбһ“бҹ…бһҖбҹ’бһ“бһ»бһ„бһҖбһ·бһ…бҹ’бһ…бһ”бҹ’бһҡбһҮбһ»бҹҶбһ”бҹ’бһҡбһ…бһ¶бҹҶбһҶбҹ’бһ“бһ¶бҹҶ 2013 бһҠбҹӮбһӣбһҸбҹ’бһҡбһјбһңбһ”бһ¶бһ“бһҖбҹӮбһӣбһҳбҹ’бһўбһұбҹ’бһҷбһ”бҹ’бһҡбһҫбһҮбһ¶бһҢбһёбһҮбһёбһҗбһӣ бһ“бһ·бһ„бһҸбһ¶бһҳбһўбҹҠбһёбһ“бһ’бһәбһҺбһ·бһҸбҹ”,"Revised вҖңNew World Translation of the Holy ScripturesвҖқ released at annual meeting 2013, optimized to be used digitally and online",new edition with digital and online in mind,text,False,,,,,,,
cold_war,"бһҹбҹ’бһҗбһ¶бһ“бһ—бһ¶бһ–бһ—бһјбһҳбһ·бһҹбһ¶бһҹбҹ’бһҸбҹ’бһҡбһ“бһҷбҹ„бһ”бһ¶бһҷ бһ”бһ¶бһ“бһҠбһ¶бһҖбҹӢбһҹбҹ’бһӣбһ¶бһҖбһҗбһ¶ ""бһҹбһ„бҹ’бһӮбҹ’бһҡбһ¶бһҳбһҸбҹ’бһҡбһҮбһ¶бһҖбҹӢ"" бһҶбҹ’бһ“бһ¶бҹҶ 1945-1991",Geopolitical situation labeled вҖңCold WarвҖқ 1945-1991, ,text,False,,,,,,,
timeline_created,"бһҖбһ¶бһҡбһҖбҹҶбһҺбһҸбҹӢбһ–бҹҒбһӣбһңбҹҒбһӣбһ¶бһ“бҹҒбҹҮбһҸбҹ’бһҡбһјбһңбһ”бһ¶бһ“бһ”бһ„бҹ’бһҖбһҫбһҸбһЎбһҫбһ„бһҖбҹ’бһ“бһ»бһ„бһҶбҹ’бһ“бһ¶бҹҶ 2023 бһҠбҹӮбһӣбһҮбһ¶бһҶбҹ’бһ“бһ¶бҹҶбһҖбҹ’бһҸбҹ…бһ”бҹҶбһ•бһ»бһҸбһҖбҹ’бһ“бһ»бһ„бһ”бҹ’бһҡбһңбһҸбҹ’бһҸбһ·бһҹбһ¶бһҹбҹ’бһҸбҹ’бһҡбһҳбһ“бһ»бһҹбҹ’бһҹбһҮбһ¶бһҸбһ· бһ“бһ·бһ„ 125,000 бһҶбҹ’бһ“бһ¶бҹҶбһ…бһ»бһ„бһҖбҹ’бһҡбҹ„бһҷ","This timeline is created in 2023, the hottest year in human history and the last 125,000 years", ,text,False,,,,,,,
codex_sinaiticus,Codex Sinaiticus бһ”бһ¶бһ“бһҹбһҡбһҹбҹҒбһҡ,Codex Sinaiticus written, ,text,False,,,,,,,
codex_vaticanus,Codex Vaticanus бһ”бһ¶бһ“бһҹбһҡбһҹбҹҒбһҡ,Codex Vaticanus written, ,text,False,,,,,,,
leningrad_codex,Leningrad Codex бһ”бһ¶бһ“бһҹбһҡбһҹбҹҒбһҡбһ“бҹ…бһҖбҹ’бһ“бһ»бһ„ Cairo AD 1008,Leningrad Codex written in Cairo AD 1008, ,text,False,,,,,,,
john,бһҷбҹүбһјбһ бһ¶бһ“вҖӢбһҹбһҡбһҹбҹҒбһҡ В« бһңбһ·бһңбһҡбһҺбҹҲ В» бһ–бҹҒбһӣвҖӢбһҸбҹ’бһҡбһјбһңвҖӢбһ“бһ·бһҡбһ‘бҹҒбһҹвҖӢбһ“бҹ…вҖӢбһ”бҹүбһ¶бһҸбҹӢбһҳбҹүбһ»бһҹ 96-98 бһӮ.бһҹ.,John writes вҖңrevelationвҖқ while exiled on Patmos 96-98 C.E., ,text,False,,,,,,,
buddha,бһ–бҹ’бһҡбҹҮбһ–бһ»бһ‘бҹ’бһ’ - бһҹбһҸбҹ’бһҗбһ¶бһ’бһ·бһ”бҹ’бһ”бһ¶бһҷ бһ бҹ’бһӮбҹ„бһҸбһ¶бһҳбҹүбһ¶ c.563-c.483 бһҳбһ»бһ“вҖӢбһӮ.бһҹ.,The Buddha вҖ“ Siddhartha Gautama c.563-c.483 B.C.E, ,text,False,,,,,,,
buddha2,бһ–бҹ’бһҡбҹҮбһ–бһ»бһ‘бҹ’бһ’вҖӢбһҮбҹҶбһ“бһҪбһҹ бһӮ. 480-400 бһҳбһ»бһ“вҖӢбһӮ.бһҹ.,Buddha alternatively c. 480-400 B.C.E., ,text,False,,,,,,,
mohammed,бһӣбҹ„бһҖ бһҳбҹүбһјбһ бһ¶бҹҶбһҳбҹүбһ¶бһҸбҹӢ бһӮ. 570-632 бһӮ.бһҹ.,Mohammed c. 570-632, ,text,False,,,,,,,
confucius,бһҒбһ»бһ„бһҮбһә c.551-c.479 B.C.E.,Confucius c.551-c.479 B.C.E., ,text,False,,,,,,,
hijrah,Hijrah - бһҠбҹҶбһҺбһҫбһҡ Mecca бһ‘бҹ… Medina бһҗбҹ’бһ„бҹғбһ‘бһё 16 бһҒбҹӮбһҖбһҖбҹ’бһҖбһҠбһ¶бһҶбҹ’бһ“бһ¶бҹҶ 622,Hijrah - Journey Mecca to Medina 16 July 622, ,text,False,,,,,,,
moses_escape,"1553 бһҳбһ»бһ“бһӮ.бһҹ. бһҳбҹүбһјбһҹбҹҒвҖӢбһҸбҹ’бһҡбһјбһңвҖӢбһҡбһҸбҹӢвҖӢбһӮбҹҒбһ…вҖӢбһ–бһёвҖӢбһҹбҹ’бһҡбһ»бһҖвҖӢбһўбҹҒбһҹбҹҠбһёбһ–бҹ’бһ‘ - бһ“бһ·бһҖбҹ’бһҒбһҳбһ“бҹҶ 2:15, бһҖбһ·бһ…бҹ’бһ…бһҖбһ¶бһҡ 7:23","1553 B.C.E. Moses has to escape Egypt вҖ“ Exodus 2:15, Acts 7:23", ,text,False,,,,,,,
10plagues,1513 бһҳбһ»бһ“бһӮ.бһҹ. бһўбҹҒбһ бҹ’бһҹбҹҠбһёбһ”бһ‘бһ‘бһҪбһӣбһӮбҹ’бһҡбҹ„бҹҮбһҖбһ¶бһ…бһ…бҹҶбһ“бһҪбһ“10,1513 B.C.E Egypt receives 10 plagues, ,text,False,,,,,,,
joseph_sold,бһҷбҹүбһјбһҹбҹӮбһ”вҖӢбһ”бһ¶бһ“вҖӢбһӣбһҖбҹӢвҖӢбһҮбһ¶вҖӢбһҒбҹ’бһүбһ»бҹҶвҖӢбһ”бһҳбҹ’бһҡбһҫвҖӢбһ“бҹ…вҖӢбһўбһ¶бһҷбһ» 17 бһҶбҹ’бһ“бһ¶бҹҶ вҖ“ бһӣбҹ„бһҖбһ»бһ”бҹ’бһ”бһҸбҹ’бһҸбһ· 37:2,Joseph sold as slave at the age of 17 вҖ“ Gen 37:2, ,text,False,,,,,,,
infliction,бһҖбһ¶бһҡвҖӢбһ’бҹ’бһңбһҫвҖӢбһ”бһ¶бһ” 400 бһҶбҹ’бһ“бһ¶бҹҶ (бһҖбһ·бһ…бҹ’бһ…бһҖбһ¶бһҡ 7:6) вҖ“ Ishmael 1913 B.C.E.,400 year infliction (Acts 7:6) вҖ“ Ishmael 1913 B.C.E, ,text,False,,,,,,,
Alexander,бһўбһ¶бһЎбһ·бһ…бһҹбһ¶бһ“бҹӢбһҢбһәбһҠбҹҸбһўбһҹбҹ’бһ…бһ¶бһҡбҹ’бһҷ (бһҠбһ¶бһ“бһёбһҷбҹүбҹӮбһӣ 11:3),Alexander the Great (Daniel 11:3), ,text,False,,,,,,,
persia,"бһҹбҹҠбһёбһҡбһјбһҹбһҠбҹҸбһўбһҹбҹ’бһ…бһ¶бһҡбҹ’бһҷ, бһҒбҹҒбһҳбһ”бҹҠбһёбһҹбҹҠбһјбһҹII, бһҠбһ¶бһҷбһҡбһјбһҹ I 490 бһҳбһ»бһ“вҖӢбһӮ.бһҹ., бһҹбҹҒбһҖбһҹбҹҒбһҹ I 480 бһҳбһ»бһ“вҖӢбһӮ.бһҹ. (бһ”бҹ’бһ”бҹ’бһҸбһёбһҡбһ”бһҹбҹӢ бһўбҹҒбһҹбһ’бһҫбһҡ, Daniel 11:2)","Cyrus the Great, Cambyses II, Darius I 490 BCE, Xerxes I 480 BCE (husband of Esther, Daniel 11:2)", ,text,False,,,,,,,
king_north,"Seleucus I Nicator (v5) Syria бһ‘бҹ… Antiochus III (v10) бһ“бһ·бһ„ Seleucus IV (v18, 19) бһ…бһ»бҹҮбһ‘бҹ… Octavian (v20) бһ“бһ·бһ„ Tiberius (v21-24)","Seleucus I Nicator (v5) Syria to Antiochus III (v10) and Seleucus IV (v18, 19) down to Octavian (v20) and Tiberius (v21-24)", ,text,False,,,,,,,
king_north1,бһҹбҹ’бһҸбҹҒбһ…бһҒбһ¶бһ„бһҮбһҫбһ„,King of the North, ,text,False,,,,,,,
king_south,"Ptolemy I, II, III, IV (v11, 12), V (v15, 16) бһ‘бҹ…бһҖбһ¶бһ“бҹӢбһҹбһҳбһҡбһ—бһјбһҳбһ· Actium 31 B.C.E.","Ptolemy I, II, III, IV (v11, 12), V (v15, 16) to the battle Actium 31 B.C.E.", ,text,False,,,,,,,
king_south1,бһҹбҹ’бһҸбҹҒбһ…бһҒбһ¶бһ„бһҸбҹ’бһ”бһјбһ„,King of the South, ,text,False,,,,,,,
king_south2,бһ…бһҖбҹ’бһҡбһ—бһ–бһўбһ„бҹӢбһӮбҹ’бһӣбҹҒбһҹбһҶбҹ’бһ“бһ¶бҹҶ 1870 бһҠбҹӮбһӣбһҮбһ¶бһҳбһ бһ¶бһўбҹҶбһҺбһ¶бһ…бһ–бһ·бһ—бһ–бһӣбҹ„бһҖ бһўбһ„бҹӢбһӮбҹ’бһӣбҹҒбһҹ-бһўбһ¶бһҳбҹҒбһҡбһ·бһҖ бһҸбһ¶бҹҶбһ„бһ–бһёбһҶбҹ’бһ“бһ¶бҹҶ 1914,"British Empire 1870, Anglo-American World Power since 1914", ,text,False,,,,,,,
king_south3,бһҹбҹ’бһҸбҹҒбһ…бһҒбһ¶бһ„бһҸбҹ’бһ”бһјбһ„,King of the South, ,text,False,,,,,,,
king_north2,"бһ”бҹ’бһҡбһ‘бҹҒбһҹбһўбһ¶бһӣбҹ’бһӣбһәбһҳбҹүбһ„бҹӢбһҮбһ¶бһҳбһҪбһҷбһўбһ’бһ·бһҡбһ¶бһҮ William I 1871 (v28), 1914 (v29), 1935 (v30b), 1939 (v31a)","Germany with Emperor William I 1871 (v28), 1914 (v29), 1935 (v30b), 1939 (v31a)", ,text,False,,,,,,,
king_north3,бһҒбһ¶бһ„бһҮбһҫбһ„,North, ,text,False,,,,,,,
king_north4,"бһҹбһ бһ—бһ¶бһ–бһҹбһјбһңбҹҖбһҸ 1945-1991 (бһҠбһ¶бһ“бһёбһҷбҹүбҹӮбһӣ 11:32-39, 40b, 41)","Soviet Union 1945-1991 (Daniel 11:32-39, 40b, 41)", ,text,False,,,,,,,
king_north5,бһ”бҹ’бһҡбһ‘бҹҒбһҹбһҡбһ»бһҹбҹ’бһҹбҹҠбһёбһҸбһ¶бҹҶбһ„бһ–бһёбһҶбҹ’бһ“бһ¶бҹҶ 2017 (w20 бһ§бһҹбһ—бһ¶),Russia since 2017 (w20 May), ,text,False,,,,,,,
time_of_end,бһңбһҸбҹ’бһҸбһҳбһ¶бһ“вҖӢбһҡбһ”бһҹбҹӢвҖӢбһ–бҹ’бһҡбҹҮвҖӢбһӮбҹ’бһҡбһёбһҹбҹ’бһ‘ бһҖбһ¶бһҡвҖӢбһҹбһ“бҹ’бһ“бһ·бһҠбҹ’бһӢбһ¶бһ“вҖӢбһ“бҹғвҖӢбһҡбһ”бҹҖбһ”вҖӢбһҡбһ”бһ”вҖӢбһ–бһ·бһ—бһ–вҖӢбһӣбҹ„бһҖ (бһҳбҹүбһ¶бһҗбһ¶бһҷ 24:3) бһӮбҹ’бһҡбһ¶вҖӢбһ…бһ»бһ„вҖӢбһҖбҹ’бһҡбҹ„бһҷвҖӢбһ”бһ„бҹ’бһўбһҹбҹӢ (бҹўбһ’бһёбһҳбҹүбһјбһҗбҹҒ 3:1),"Presence of Christ, Conclusion of the system of things (Matthew 24:3), the last days (2 Timothy 3:1)",scriptures written out,text,False,,,,,,,
time_of_end2,бһҗбҹ’бһ„бҹғвҖӢбһ…бһ»бһ„бһҖбҹ’бһҡбҹ„бһҷ,Last days, ,text,False,,,,,,,
suryavaman2,бһ–бҹ’бһҡбҹҮбһ”бһ¶бһ‘бһҹбһјбһҡбҹ’бһҷбһңбһҡбҹ’бһҳбҹҗбһ“бһ‘бһёбҹў бһҖбһҹбһ¶бһ„бһўбһ„бҹ’бһӮбһҡбһңбһҸбҹ’бһҸ 1113-1150,King Suryavarman II builds Angkor Wat 1113-1150, ,text,False,,,,,,,
notre-dame,Notre-Dame de Paris бһ”бһ¶бһ“бһҹбһ¶бһ„бһҹбһ„бҹӢбһ“бҹ…бһҶбҹ’бһ“бһ¶бҹҶ 1163-1260,Notre-Dame de Paris built 1163-1260, ,text,False,,,,,,,
babel,бһ”бҹүбһҳ Babel бһҸбҹ’бһҡбһјбһңбһ”бһ¶бһ“бһҹбһ¶бһ„бһҹбһ„бҹӢ,Tower of Babel built, ,text,False,,,,,,,
infliction1,400бһҶбҹ’бһ“бһ¶бҹҶ бһ“бҹ…бһҖбҹ’бһ“бһ»бһ„бһҖбһ¶бһҡбһ…бһҳбҹ’бһӣбһ„,400 year infliction,Acts 7:6,text,False,,,,,,,
Lots_wife,бһ”бҹ’бһҡбһ–бһ“бҹ’бһ’бһҡбһ”бһҹбҹӢбһЎбһ»бһҸ,LotвҖҷs wife, ,text,False,,,,,,,
Lots_daughters,бһҖбһјбһ“вҖӢбһҹбҹ’бһҡбһёвҖӢбһҡбһ”бһҹбҹӢвҖӢбһЎбһ»бһҸ,Daughters of Lot, ,text,False,,,,,,,
Moab,вҖӢбһҳбҹүбһјбһўбһ¶бһ”бҹӢ (бһҖбһјбһ“бһҹбҹ’бһҡбһёбһ…бҹ’бһ”бһ„),Moab (older daughter),Genesis 19:37,text,False,,,,,,,
rosetta,бһҗбҹ’бһҳ Rosetta 196 бһҳбһ»бһ“бһӮ.,Rosetta stone 196 B.C.E., ,text,False,,,,,,,
Herodotus,"бһ бҹҒбһҡбҹүбһјбһҠбһјбһҸбһ»бһҹ бһӮ. 484 вҖ“ бһӮ. 425 бһҳбһ»бһ“бһӮ.бһҹ бһҹбһҡбһҹбҹҒбһҡ ""бһ”бҹ’бһҡбһңбһҸбҹ’бһҸбһ·бһҹбһ¶бһҹбҹ’бһҸбҹ’бһҡ""","Herodotus c. 484 вҖ“ c. 425 BC, writes The Histories",Father of History,text,False,,,,,,,
Aristotle,бһўбһ¶бһҡбһёбһҹбҹ’бһҸбһјбһҸ 384-322 бһҳбһ»бһ“бһӮ,Aristotle 384 вҖ“ 322 BC,"The First Teacher, The Philosopher",text,False,,,,,,,
Ptolemy,Ptolemy c 100 - бһӮбҹ” 170 бһӮ.бһҹ.,Ptolemy c 100 вҖ“ c. 170 C.E., ,text,False,,,,,,,
Pythagoras,Pythagoras бһӮ. 570 вҖ“ бһӮ. 495 бһҳбһ»бһ“бһӮ,Pythagoras c. 570 вҖ“ c. 495 BC, ,text,False,,,,,,,
Plato,бһ•бҹ’бһӣбһ¶бһҸбһј бһӮ. 427 вҖ“ бһӮ. 348 бһҳбһ»бһ“бһӮ,Plato c. 427 вҖ“ c. 348 BC, ,text,False,,,,,,,
Socrates,бһҹбһјбһҖбҹ’бһҡбһ¶бһҸ бһӮ. 470 вҖ“ бһӮ. 399 бһҳбһ»бһ“бһӮ,Socrates c. 470 вҖ“ c. 399 BC, ,text,False,,,,,,,
Josephus,бһҷбҹүбһјбһҹбҹӮбһ” бһӮ. 37 вҖ“ бһӮ. 100 бһӮ.бһҹ.,Josephus c. 37 вҖ“ c. 100 C.E., ,text,False,,,,,,,
Cicero,бһҹбҹҠбһёбһҹбҹҒбһҡбҹүбһј 106-43 бһҳбһ»бһ“бһӮ,Cicero 106вҖ“43 BC,"influence on Latin language, 3 Jan 106 BC вҖ“ 7 Dec 43 BC",text,False,,,,,,,
lachish_letters,бһўбһҖбҹ’бһҹбһҡбһЎбһ¶бһ…бһҹбҹҠбһёбһҹ бһӮ. 590 бһҳбһ»бһ“бһӮ.бһҹ.,Lachish letters c. 590 B.C.E., ,text,False,,,,,,,
lachish_reliefs,бһҖбһ¶бһҡбһ’бһјбһҡбһҹбҹ’бһ”бһҫбһҷ Lachish бһӮ. 681 бһҳбһ»бһ“бһӮ.бһҹ.,Lachish reliefs c. 681 B.C.E., ,text,False,,,,,,,
mesha_stele,бһҳбҹҒбһҹбһ¶ бһҹбҹ’бһ‘бһёбһӣ (бһҗбҹ’бһҳ бһ–бһҪбһҖбһҳбҹүбһјбһўбһ¶бһ”бҹӢ) бһӮ. 840 бһҳбһ»бһ“бһӮ.бһҹ.,Mesha Stele (Moabite stone) c. 840 B.C.E., ,text,False,,,,,,,
gilgamesh,Gilgamesh and Aga р’ҮҪр’ҶҘр’„„р’ҖҖр’Җқр’Ӯө,Gilgamesh and Aga р’ҮҪр’ҶҘр’„„р’ҖҖр’Җқр’Ӯө, ,text,False,,,,,,,
epic_gilgamesh,бһңбһёбһҡбһ—бһ¶бһ–бһ“бҹғ бһ бҹ’бһӮбһёбһ бҹ’бһӮбһ¶бһҳбҹҒбһҹ (SГ®n-lД“qi-unninni),Epic of Gilgamesh (SГ®n-lД“qi-unninni), ,text,False,,,,,,,
gregorian,бһ”бҹ’бһҡбһҸбһ·бһ‘бһ·бһ“бһ бҹ’бһӮбҹ’бһҡбҹҒбһ бҹ’бһӮбҹ„бһҡбҹҖбһ“ 1582,Gregorian calendar 1582, ,text,False,,,,,,,
shang-dynasty,бһӮ. 1600-1046 бһҳбһ»бһ“бһӮ.бһҹ,c. 1600-1046 BC, ,text,False,,,,,,,
western-zhou,бһӮ. 1046-771 бһҳбһ»бһ“бһӮ.бһҹ,c. 1046-771 BC, ,text,False,,,,,,,
qin-dynasty,бһҲбһёбһ“ 221-207 бһҳбһ»бһ“бһӮ,Qin 221-207 BC, ,text,False,,,,,,,
western-han,207 бһҳбһ»бһ“бһӮ.бһҹ вҖ“ 9 бһӮ.бһҹ,207 BC вҖ“ 9 CE, ,text,False,,,,,,,
three-kingdoms,бһ“бһӮбһҡбһ”бһё 220-280 бһӮ.бһҹ,Three kingdoms 220-280 CE, ,text,False,,,,,,,
sixteen-kingdoms,бһ“бһӮбһҡбһҠбһ”бҹӢбһ”бҹ’бһҡбһ¶бҹҶбһҳбһҪбһҷ 304-439 бһӮ.бһҹ,Sixteen kingdoms 304-439 CE, ,text,False,,,,,,,
tang-dynasty2,"618-690, 705-907","618-690, 705-907", ,text,False,,,,,,,
wu-zhou,690-705 Wu Zhou,690-705 Wu Zhou, ,text,False,,,,,,,
tang-dynasty1_c,бһҸбһ¶бҹҶбһ„,Tang, ,text,False,,,,,,,
gonghe,бһҡбһ¶бһҮбһңбһ„бҹ’бһҹ бһ бҹ’бһӮбһ»бһ“бһ бҹҒ 841-828 бһҳбһ»бһ“бһӮ,Gonghe Regency 841-828 BC, ,text,False,,,,,,,
Ashoka,бһўбһҹбҹ„бһҖ (бһӮ.304-232 бһҳбһ»бһ“бһӮ.бһҹ) бһӣбһҫбһҖбһҹбҹ’бһ‘бһҪбһҷбһ–бҹ’бһҡбҹҮбһ–бһ»бһ‘бҹ’бһ’бһҹбһ¶бһҹбһ“бһ¶,Ashoka (c. 304-232 BC) promotes Buddhism, ,text,False,,,,,,,
siloam-tunnel,бһ бҹҒбһҹбҹҒбһӮбһ¶бһ–бһ„бҹ’бһҡбһёбһҖбһ•бҹ’бһӣбһјбһңбһҡбһјбһ„бһҖбҹ’бһҡбҹ„бһҳбһҠбһёбһҹбҹҠбһёбһЎбһјбһўбһ¶бһҳ,Hezekiah extends Siloam tunnel,c. 742-732 BC,text,False,,,,,,,
Angloamerica2,"Anglo-American бһҸбҹ’бһҡбһјбһңвҖӢбһ”бһ¶бһ“вҖӢбһҸбҹҶбһҺбһ¶бһ„вҖӢбһҠбҹ„бһҷвҖӢбһҮбһҫбһ„вҖӢбһҠбҹӮбһҖвҖӢбһӣбһ¶бһҷвҖӢбһ“бһ№бһ„вҖӢбһҠбһёбһҘбһҠбҹ’бһӢ бһ“бҹ…вҖӢбһҖбҹ’бһ“бһ»бһ„вҖӢбһ‘бҹҶбһ“бһ¶бһҷвҖӢбһ“бҹ…вҖӢбһҖбҹ’бһ“бһ»бһ„ бһҠбһ¶бһ“бһёбһҷбҹүбҹӮбһӣ 2:33, 41-43бҹ”","Anglo-American is symbolized by the feet of iron mixed with clay in the prophecy in Daniel 2:33, 41-43", ,text,False,,,,,,,
Manetho,бһҳбҹүбһ¶бһҺбҹҒбһҸбһј бһҹбһҡбһҹбҹҒбһҡ бһўбҹҒбһ бҹ’бһҹбҹҠбһёбһ”,Manetho writes Aegyptiaca, ,text,False,,,,,,,
destruction_babylon,"бһҖбһ¶бһҡвҖӢбһ”бҹҶбһ•бҹ’бһӣбһ¶бһүвҖӢбһ”бһ¶бһ”бҹҠбһёбһЎбһјбһ“вҖӢбһҠбҹҸвҖӢбһўбһҹбҹ’бһ…бһ¶бһҡбҹ’бһҷ (бһңбһ·бһңбһҡбһҺбҹҲ 17:3, 15вҖӢ-вҖӢ18; 18:9, 10)","Destruction of Babylon the Great (Revelation 17:3, 15-18; 18:9, 10)",beginning of great tribulation (GT),text,False,,,,,,,
gog_of_magog,"бһҖбһ¶бһҡвҖӢбһңбһ¶бһҷвҖӢбһ”бҹ’бһҡбһ бһ¶бһҡвҖӢбһҡбһ”бһҹбҹӢвҖӢбһҖбһ»бһҖвҖӢбһ“бҹғвҖӢбһҹбҹ’бһҡбһ»бһҖвҖӢбһҳбҹүбһ¶бһҖбһјбһҖ (бһўбҹҒбһҹбҹҒбһӮбһ¶бһӣ 38:1, 2, 9-12, 18-23)","Attack of Gog of Magog (Ezekiel 38:1, 2, 9-12, 18-23)",end of GT,text,False,,,,,,,
sheep_goat,бһўбҹ’бһ“бһҖвҖӢбһ“бҹ…вҖӢбһӣбһҫвҖӢбһ•бҹӮбһ“бһҠбһёвҖӢбһ“бһ№бһ„вҖӢбһҸбҹ’бһҡбһјбһңвҖӢбһҖбһ¶бһҸбҹӢвҖӢбһ‘бҹ„бһҹ бһҠбҹ„бһҷвҖӢбһүбҹӮбһҖвҖӢбһ…бҹҖбһҳ бһ“бһ·бһ„вҖӢбһ–бһ–бҹӮ (бһҳбҹүбһ¶бһҗбһ¶бһҷ 25:31-33),"EarthвҖҷs inhabitants are judged, separating sheep and goats (Matthew 25:31-33)",end of GT,text,False,,,,,,,
annointed,бһҖбһ¶бһҡвҖӢбһ”бҹ’бһҡбһҳбһјбһӣвҖӢбһўбҹ’бһ“бһҖвҖӢбһӮбҹ’бһҡбһ”бҹӢвҖӢбһӮбҹ’бһҡбһ„вҖӢбһҡбһ¶бһҮбһ¶бһҺбһ¶бһ…бһҖбҹ’бһҡ (бһҳбҹүбһ¶бһҗбһ¶бһҷ 24:31; бһҖбһјбһҡбһ·бһ“бһҗбһјбһҹбһ‘бһё1 15:50-53; бһҗбҹӮбһҹбҹ’бһҹбһ¶бһЎбһјбһ“бһёбһ…бһ‘бһё1 4:15-17),Gathering of Kingdom rulers (Matthew 24:31; 1 Corinthians 15:50-53; 1 Thessalonians 4:15-17),end of GT,text,False,,,,,,,
armageddon,"бһҹбһҳбһҡбһ—бһјбһҳбһ·бһўбһҫбһҳбҹүбһ¶бһӮбҹҒбһҠбһјбһ“ (бһңбһ·бһңбһҡбһҺбҹҲ 16:14, 16; бһўбҹҒбһҹбһ¶бһҷ 13:9; бһ–бҹҒбһҸбҹ’бһҡбһ»бһҹбһ‘бһёбҹў 3:12)","Battle of Armageddon (Revelation 16:14, 16; Isaiah 13:9; 2 Peter 3:12)",end of system of things,text,False,,,,,,,
millenium,"бһҡбһ¶бһҮбһ¶бһҺбһ¶бһ…бһҖбҹ’бһҡвҖӢбһҡбһ”бһҹбҹӢвҖӢбһ–бҹ’бһҡбҹҮвҖӢбһ…бһ¶бһ”бҹӢвҖӢбһ•бҹ’бһҠбһҫбһҳвҖӢбһҡбһҮбҹ’бһҮбһҖбһ¶бһӣвҖӢ1000вҖӢбһҶбҹ’бһ“бһ¶бҹҶ (бһңбһ·бһңбһҡбһҺбҹҲ 5:9, 10; 20:4, 6)","GodвҖҷs Kingdom begins its 1000-year reign (Revelation 5:9, 10; 20:4, 6)", ,text,False,,,,,,,
great_crowd,"бһҳбһ“бһ»бһҹбҹ’бһҹвҖӢбһҳбһҪбһҷвҖӢбһ бҹ’бһңбһјбһ„вҖӢбһҷбҹүбһ¶бһ„вҖӢбһ’бҹҶвҖӢбһ”бһ¶бһ“вҖӢбһҡбһҪбһ…вҖӢбһҮбһёбһңбһ·бһҸвҖӢбһ–бһёвҖӢбһўбһҫбһҳбҹүбһ¶бһӮбҹҒбһҠбһјбһ“ (бһңбһ·бһңбһҡбһҺбҹҲ 7:9, 14; бһ‘бҹҶбһ“бһ»бһҖбһҸбһҳбҹ’бһҖбһҫбһ„ 37:9-11)","A great crowd survives Armageddon (Revelation 7:9, 14; Psalm 37:9-11)", ,text,False,,,,,,,
world_population,бһ…бҹҶбһ“бһҪбһ“бһ”бҹ’бһҡбһҮбһ¶бһҮбһ“бһ–бһ·бһ—бһ–бһӣбҹ„бһҖбһҡбһ¶бһ”бҹӢбһ–бһ¶бһ“бҹӢбһӣбһ¶бһ“бһҖбҹ’бһ“бһ»бһ„бһҡбһҷбҹҲбһ–бҹҒбһӣ 2000 бһҶбҹ’бһ“бһ¶бҹҶбһ…бһ»бһ„бһҖбҹ’бһҡбҹ„бһҷбһ“бҹҒбҹҮбҹ”,World population in billions in the last 2000 years, ,text,False,,,,,,,
khmer_empire_c,бһўбһ¶бһҺбһ¶бһ…бһҖбҹ’бһҡбһҒбҹ’бһҳбҹӮбһҡ - бһҹбһҳбҹҗбһҷбһўбһ„бҹ’бһӮбһҡ,Khmer Empire - Angkor period, ,text,False,,,,,,,
holy_roman_empire_c,бһ…бһҖбҹ’бһҡбһ—бһ–бһҡбҹүбһјбһҳбҹүбһ¶бҹҶбһ„бһ”бһҡбһ·бһҹбһ»бһ‘бҹ’бһ’ - бһ”бһ“бҹ’бһ‘бһ¶бһ”бҹӢбһ–бһёбһҶбҹ’бһ“бһ¶бҹҶ 1512 бһ…бһҖбҹ’бһҡбһ—бһ–бһҡбҹүбһјбһҳбһ”бһҡбһ·бһҹбһ»бһ‘бҹ’бһ’бһ“бҹғбһ”бҹ’бһҡбһҮбһ¶бһҮбһ¶бһҸбһ·бһўбһ¶бһӣбҹ’бһӣбһәбһҳбҹүбһ„бҹӢ,Holy Roman Empire вҖ“ known as Holy Roman Empire of the German Nation after 1512, ,text,False,,,,,,,
mongol_empire,бһ…бһҖбҹ’бһҡбһ—бһ–бһҳбҹүбһ»бһ„бһ бҹ’бһӮбҹ„бһӣ 1206 - 1294 бһӮ.,Mongol Empire 1206 вҖ“ 1294, ,text,False,,,,,,,
maya_classic_c,бһўбһҡбһ·бһҷбһ’бһҳбҹҢбһҳбҹүбһ¶бһҷбҹүбһ¶ - бһҹбһҳбҹҗбһҷбһ”бһ»бһҡбһ¶бһҺ,Maya civilization вҖ“ Classic period, ,text,False,,,,,,,
maya_postclassic_c,бһўбһҡбһ·бһҷбһ’бһҳбҹҢбһҳбҹүбһ¶бһҷбҹүбһ¶ - бһҹбһҳбҹҗбһҷбһҖбҹ’бһҡбҹ„бһҷбһ”бһ»бһҡбһ¶бһҺ,Maya civilization вҖ“ Postclassic period, ,text,False,,,,,,,
Teotihuacan,бһ‘бһёбһҖбҹ’бһҡбһ»бһ„бһ’бҹҶбһҮбһ¶бһ„бһӮбҹҒбһ“бҹ…бһўбһ¶бһҳбҹҒбһҡбһ·бһҖ бһ–бһёбһҡбҹүбһ¶бһҳбһёбһҸбһҹбһ¶бһ„бһҹбһ„бҹӢ бһӮ. 200 бһӮ.бһҹ.,"Largest city in the Americas, pyramids build c. 200 C.E.", ,text,False,,,,,,,
Dionysius_Exiguus,Dionysius Exiguus бһўбҹ’бһ“бһҖбһ”бһ„бҹ’бһҖбһҫбһҸ Anno Domini,"Dionysius Exiguus, inventor of Anno Domini", ,text,False,,,,,,,
Umayyad_c,бһўбҹҠбһјбһҳбҹүбһ¶бһҷбҹүбһ¶бһҸ,Umayyad, ,text,False,,,,,,,
ur3,бһҡбһ¶бһҮбһңбһ„бҹ’бһҹ Ur III р’ӢҖр’Җ•р’Ҷ ,Ur III Dynasty р’ӢҖр’Җ•р’Ҷ , ,text,False,,,,,,,
hammurabi,бһ бһ¶бҹҶбһҳбһјбһҡбҹүбһ¶бһ”бҹҠбһё р’„©р’„ р’Ҳ¬р’ҠҸр’Ғү,Hammurabi р’„©р’„ р’Ҳ¬р’ҠҸр’Ғү, ,text,False,,,,,,,
Al-Khwarizmi,al-Khwarizmi бһҹбһҡбһҹбҹҒбһҡ Al-Jabr (бһ–бһ·бһҮбһӮбһҺбһ·бһҸ),al-Khwarizmi writes Al-Jabr (Algebra), ,text,False,,,,,,,
al-azhar,бһҹбһ¶бһҖбһӣбһңбһ·бһ‘бҹ’бһҷбһ¶бһӣбҹҗбһҷ Al-Azhar бһҸбҹ’бһҡбһјбһңбһ”бһ¶бһ“бһ”бһ„бҹ’бһҖбһҫбһҸбһЎбһҫбһ„бһ“бҹ…бһ‘бһёбһҖбҹ’бһҡбһ»бһ„бһӮбҹӮбһҡ,Al-Azhar University is established in Cairo, ,text,False,,,,,,,
Ibn-Sina,Ibn Sina бһ¬ Avicenna,Ibn Sina or Avicenna, ,text,False,,,,,,,
life-expectancy, ,Life expectancy 75 years, ,text,False,,,,,,,
430years_c, ,"430 years: Exodus 12:41, Galatians 3:17",2024-12-24,text,False,,,,,,,
maya_calendar, ,"Calculated beginning of Maya calendar August 11, 3114 B.C.E.",2024-12-25,text,False,,,,,,,
xia-dynasty2, ,c. 2070 вҖ“ c. 1600 BC; Era first alluded during the Western Zhou period,2025-01-02,text,False,,,,,,,
xia-dynasty2_c, ,Xia dynasty in China, ,text,False,,,,,,,
tres_zapotes, ,"September 3rd, 32 B.C.E.",2024-12-31,text,False,,,,,,,
joseph_jacob_reunited, ,Joseph and Jacob reunited in Egypt вҖ“ 1728 B.C.E. (Gen 45:11; 47:9),2025-01-01,text,False,,,,,,,
king_south_light_c, ,King of the South from Daniel 11,2025-02-05,text,False,,,,,,,
king_north_light_c, ,King of the North from Daniel 11,2025-02-05,text,False,,,,,,,
daniel2_iron_c, ,Iron legs from Daniel 2,2025-02-05,text,False,,,,,,,
argenteus, ,Codex Argenteus c. 505,written copy of Wulfila Bible,text,False,,,,,,,
nguyen_dynasty_c, ,Nguyб»…n,2025-09-20,text,False,,,,,,,
edo_c, ,Edo period in Japan,Edo period (Tokugawa shogunate),text,False,,,,,,,
meiji_c, ,Meiji,2025-09-20,text,False,,,,,,,
american_civil_war, ,American Civil War 1861-1865,"April 12, 1861 to May 26, 1865",text,False,,,,,,,
aleppo_codex, ,Aleppo Codex c. 920,2025-10-03,text,False,,,,,,,
vandals, ,Kingdom of the Vandals and Alans 435 вҖ“ 534,Vandals 435-534 C.E.,text,False,,,,,,,
francia, ,"c. 481/509 вҖ“ 843, Merovingian till 751, then Carolingian",Kingdom of the Franks (Regnum Francorum) c. 481/509-843 treaty of Verdun,text,False,,,,,,,
francia_c, ,Kingdom of the Franks, ,text,False,,,,,,,
100_years_war, ,Hundred YearsвҖҷ War 1337 вҖ“ 1453,1337вҖ“1453,text,False,,,,,,,
black_death, ,Black death 1346-1353,1346-1353,text,False,,,,,,,
sui_dynasty, ,581-618 Sui dynasty,2025-11-09,text,False,,,,,,,
sui_dynasty_c, ,Sui,2025-11-09,text,False,,,,,,,
tribulation,"бһ‘бһ»бһҖбҹ’бһҒбһңбҹҒбһ‘бһ“бһ¶вҖӢбһҮбһ¶вҖӢбһҒбҹ’бһӣбһ¶бҹҶбһ„ (бһҳбҹүбһ¶бһҖбһ»бһҹ 13:19; бһҠбһ¶бһ“бһёбһҷбҹүбҹӮбһӣ 12:1; бһҳбҹүбһ¶бһҗбһ¶бһҷ 24:21, 22)","The Great Tribulation (Mark 13:19; Daniel 12:1; Matt 24:21, 22)", ,text,False,,,,,,,
Adam,бһўбһ¶бһҠбһ¶бһҳвҖӢ,Adam,Luke 3:38,bible,False,,,,,,,
Seth,бһҹбҹҒбһҸвҖӢ,Seth, ,bible,False,,,,,,,
Enosh,бһўбҹҒбһҺбһ»бһҹ,Enosh, ,bible,False,,,,,,,
Kenan,бһҖбҹғбһҺбһ¶бһ“,Kenan (Cainan), ,bible,False,,,,,,,
Mahalalel,бһҳбҹүбһ¶бһ бһ¶бһӣбһ¶бһӣ,Mahalalel (Mahalaleel), ,bible,False,,,,,,,
Jared,бһҷбҹүбһ¶бһҡбҹҒбһҢ,Jared, ,bible,False,,,,,,,
Enoch,бһўбҹҒбһҺбһ»бһҖ,Enoch, ,bible,False,,,,,,,
Methuselah,бһҳбҹүбҹҒбһ’бһјбһҹбһ¶бһЎбһ¶,Methuselah,Luke 3:37,bible,False,,,,,,,
Lamech,бһЎбҹҒбһҳбҹүбҹҒбһҖ,Lamech, ,bible,False,,,,,,,
Noah,бһҺбһјбһўбҹҒ,Noah, ,bible,False,,,,,,,
Shem,бһҹбһ·бһҳвҖӢ,Shem, ,bible,False,,,,,,,
Arpachshad,бһўбһ¶бһ”бҹүбһ¶бһҖбҹӢбһҹбһ¶бһҢ,Arpachshad,Luke 3:36,bible,False,,,,,,,
Shelah,бһҹбҹҒбһЎбһ¶,Shelah, ,bible,False,,,,,,,
Eber,бһ бҹҒбһ”бһәбһҡвҖӢ,Eber, ,bible,False,,,,,,,
Peleg,бһ–бҹҒбһЎбҹҒбһҖ,Peleg, ,bible,False,,,,,,,
Reu,бһҡбҹҒбһ бҹҠбһј,Reu, ,bible,False,,,,,,,
Serug,бһҹбҹҒбһҡбһјбһҖ,Serug,Luke 3:35,bible,False,,,,,,,
Nahor,бһҺбҹҒбһғбҹҗбһҡ,Nahor, ,bible,False,,,,,,,
Terah,бһҗбҹҒбһҡбҹүбһ¶,Terah, ,bible,False,,,,,,,
Abraham,бһўбһ¶бһ”бҹ’бһҡбһ¶бһ бһ¶бҹҶ,Abraham, ,bible,False,,,,,,,
Isaac,бһўбҹҠбһёбһҹбһ¶бһҖ,Isaac, ,bible,False,,,,,,,
Jacob,бһҷбҹүбһ¶бһҖбһ»бһ”,Jacob,Luke 3:34,bible,False,,,,,,,
Joseph,бһҷбҹүбһјбһҹбҹӮбһ”,Joseph,Genesis 37,bible,False,,,,,,,
Moses,бһҳбҹүбһјбһҹбҹҒ,Moses, ,bible,False,,,,,,,
Othniel,бһўбһ»бһҸбһ“бһ¶бһӣ,Othniel,Judges 3:9-11,bible,False,,,,,,,
Ehud,бһўбҹҠбһёбһ бһәбһҸ,Ehud,Judges 3:15-18,bible,False,,,,,,,
Shamgar,бһҹбһ¶бһҳбһҖбһҫбһҡ,Shamgar,Judges 3:31,bible,False,,,,,,,
Barak,вҖӢбһ”бһ¶бһҡбҹүбһ¶бһҖбҹӢвҖӢ,"Barak, Deborah, Jael",Judges 4:6,bible,False,,,,,,,
Gideon,бһӮбҹҒбһҢбһ¶бһ“вҖӢ,Gideon,Judges 7:1,bible,False,,,,,,,
Tola,бһҗбһјбһЎбһ¶вҖӢ,Tola,Judges 10:1,bible,False,,,,,,,
Jair,вҖӢбһҷбҹүбһ¶бһўбҹҖ,Jair,Judges 10:3,bible,False,,,,,,,
Jephthah,бһҷбҹӮбһ”бһҗбһ¶,Jephthah,Judges 11:1,bible,False,,,,,,,
Ibzan,бһўбҹҠбһёбһ”бһҹбҹҒбһ“,Ibzan,Judges 12:8,bible,False,,,,,,,
Elon,бһўбҹҠбһёбһЎбһ“,Elon,Judges 12:11,bible,False,,,,,,,
Abdon,вҖӢбһўбһ¶бһ”бҹӢбһҠбһјбһ“,Abdon,Judges 12:13,bible,False,,,,,,,
Samson,вҖӢбһҹбһ¶бҹҶбһҹбһ»бһ“,Samson,Judges 13:24,bible,False,,,,,,,
Samuel,бһҹбһ¶бҹҶбһҷбһјбһўбҹӮбһӣ,Samuel,1 Samuel 1:20,bible,False,,,,,,,
Saul,бһҹбһ»бһӣ,Saul,1 Samuel 9:2,bible,False,,,,,,,
David,бһҠбһ¶бһңбһёбһҢ,David,1 Samuel 16:13,bible,False,,,,,,,
Solomon,вҖӢбһҹбһ¶бһЎбһјбһҳбҹүбһјбһ“вҖӢ,Solomon,1 Kings 2:1,bible,False,,,,,,,
Malachi,бһҳбҹүбһ¶бһЎбһ¶бһӮбһё,Malachi, ,bible,False,,,,,,,
Ruth,бһҡбһјбһҗ,Ruth, ,bible,False,,,,,,,
Ezra,бһўбҹӮбһҹбһҡбҹүбһ¶,Ezra, ,bible,False,,,,,,,
Nehemiah,бһ“бҹҒбһ бҹҒбһҳбһ¶,Nehemiah, ,bible,False,,,,,,,
Esther,бһўбҹҒбһҹбһ’бһҫбһҡ,Esther, ,bible,False,,,,,,,
Job,бһҷбҹүбһјбһ”,Job, ,bible,False,,,,,,,
moses3,бһҳбҹүбһјбһҹбҹҒ,Moses, ,bible,False,,,,,,,
joshua2,бһҷбҹүбһјбһҹбҹ’бһңбҹҒ,Joshua, ,bible,False,,,,,,,
caleb2,бһҖбһ¶бһӣбҹӮбһ”вҖӢ,Caleb, ,bible,False,,,,,,,
Augustus,бһўбһјбһӮбһјбһҹ,Augustus,Luke 2:1,bible,False,,,,,,,
Tiberius,бһ‘бһёбһ”бҹҠбҹӮбһҡ,Tiberius,Luke 3:1,bible,False,,,,,,,
Claudius,бһҖбҹ’бһӣбһјбһҢбһ¶бһҹбҹ”,Claudius,Acts 11:28,bible,False,,,,,,,
persia2,бһ–бҹӮбһҡбҹ’бһҹ,Persia, ,bible,False,,,,,,,
jehoiada,бһҷбҹҒбһ бһјбһҷбҹүбһ¶бһҠбһ¶,Jehoiada,2 Kings 11:4,bible,False,,,,,,,
Haggai,бһ бһ¶бһҖбһ¶бһҷ,Haggai, ,bible,False,,,,,,,
Zerubbabel,бһҹбҹҒбһҡбҹүбһјбһ”бһ¶бһ”бһ·бһӣ (бһӣбһјбһҖбһ¶ 3:27),Zerubbabel (Luke 3:27),Luke 3:27,bible,False,,,,,,,
Jacob2,бһҷбҹүбһ¶бһҖбһ»бһ”/,Jacob/,Jacob/Israel 1858-1711 вҖ“ 147 years,bible,False,,,,,,,
Israel,бһўбҹҠбһёбһҹбҹ’бһҡбһ¶бһўбҹӮбһӣ,Israel,Genesis 35:10,bible,False,,,,,,,
Sarah,бһҹбһ¶бһҡбҹүбһ¶,Sarah,"2008-1881 BCE вҖ“ 127 years, Isaiah 51:2",bible,False,,,,,,,
Hagar,бһ бһ¶бһҖбһ¶,Hagar,Genesis 21:14,bible,False,,,,,,,
Haran,бһ бһ¶бһҡбҹүбһ¶бһ“,Haran,Genesis 11:26,bible,False,,,,,,,
Reumah,бһҡбҹҒбһҷбһјбһҳбҹүбһ¶,Reumah,Concubine вҖ“ 4 sons 22:24,bible,False,,,,,,,
Milcah,бһҳбһёбһӣбһҖбһ¶,Milcah,8 sons (Bethuel and 7 more),bible,False,,,,,,,
Lot,бһЎбһ»бһҸ,Lot,Genesis 11:27,bible,False,,,,,,,
Ammon,вҖӢбһ”бҹҒбһ“бһўбһ¶бҹҶбһҳбһё (вҖӢбһўбһ¶бҹҶбһҳбҹүбһјбһ“),Ben-ammi (Ammon),Genesis 19:38,bible,False,,,,,,,
Bethuel,бһ”бҹҒбһ’бһјбһўбҹӮбһӣ,Bethuel,Genesis 22:23,bible,False,,,,,,,
Rebekah,бһҡбҹҒбһ”бһ·бһҖбһ¶,Rebekah, ,bible,False,,,,,,,
Laban,бһЎбһ¶бһ”бһ¶бһ“бҹӢ,Laban,Genesis 24:29,bible,False,,,,,,,
Leah,вҖӢбһӣбҹҒбһўбһ¶вҖӢ,Leah,Genesis 35:23,bible,False,,,,,,,
Rachel,вҖӢбһҡбҹүбһ¶бһҮбҹӮбһӣвҖӢ,Rachel,Genesis 35:24,bible,False,,,,,,,
Bilhah,вҖӢбһ”бҹҠбһёбһӣбһ бһ¶вҖӢ,Bilhah,Genesis 35:25,bible,False,,,,,,,
Zilpah,вҖӢбһҹбҹҠбһёбһӣбһ•бһ¶вҖӢ,Zilpah,Genesis 35:26,bible,False,,,,,,,
Reuben,бһҡбһјбһ”бҹҒбһ“вҖӢ,Reuben, ,bible,False,,,,,,,
Simeon,бһҹбҹҠбһёбһҳбҹ’бһҳбһ¶бһ“,Simeon, ,bible,False,,,,,,,
Levi,бһӣбҹҒбһңбһё,Levi,Genesis 35:23,bible,False,,,,,,,
Judah,бһҷбһјбһҠбһ¶,Judah, ,bible,False,,,,,,,
Issachar,бһўбҹҠбһёбһҹбһ¶бһҒбһ¶бһҡ,Issachar, ,bible,False,,,,,,,
Zebulun,вҖӢбһҹбҹҒбһ”бҹҠбһјбһЎбһјбһ“,Zebulun, ,bible,False,,,,,,,
Dinah,вҖӢбһҢбһёбһҺбһ¶вҖӢ,Dinah,Genesis 34,bible,False,,,,,,,
Esau,вҖӢбһўбҹҒбһҹбһ¶бһңвҖӢ/,Esau/, ,bible,False,,,,,,,
Edom,бһўбҹҒбһҠбҹҶ,Edom,Genesis 36:1,bible,False,,,,,,,
Ishmael,бһўбҹҠбһёбһҹбһҳбҹүбһ¶бһўбҹӮбһӣ,Ishmael,Genesis 16:16,bible,False,,,,,,,
Manasseh2,(бһҳбҹүбһ¶бһҺбһ¶бһҹбҹҒ,(Manasseh,Genesis 41:50-52,bible,False,,,,,,,
Ephraim,бһ“бһ·бһ„бһўбҹҒбһ”бҹ’бһҡбһ¶бһўбҹҠбһёбһҳ),and Ephraim), ,bible,False,,,,,,,
Benjamin,вҖӢбһ”бҹҒбһ“бһҷбҹүбһ¶бһҳбһёбһ“,Benjamin, ,bible,False,,,,,,,
Dan,бһҠбһ¶бһ“бҹӢ,Dan,Genesis 35:23,bible,False,,,,,,,
Naphtali,вҖӢбһҺбҹӮбһ”бһҗбһ¶бһӣбһё,Naphtali, ,bible,False,,,,,,,
Gad,бһҖбһ¶бһҠ,Gad, ,bible,False,,,,,,,
Asher,вҖӢбһўбҹҒбһҹбҹҠбһҫбһҡ,Asher, ,bible,False,,,,,,,
Milcah1,"бһӮбһәвҖӢбһўбҹҠбһјвҖӢ, бһ”бҹҠбһјбһҹ, вҖӢбһҖбҹҒбһҳбһјбһўбҹӮбһӣ,","Uz, Buz, Kemuel,",Genesis 22:21,bible,False,,,,,,,
Milcah2,"бһҖбҹҒбһҹбҹҒбһҸ, бһ бһ¶бһҹбһј,","Chesed, Hazo,", ,bible,False,,,,,,,
Milcah3,"бһ–бһёбһӣбһҠбһ¶бһҹ, бһҷбһёбһҸбһЎбһ¶бһ”","Pildash, Jidlaph", ,bible,False,,,,,,,
Tebah,бһҗбҹҒбһ”бһ¶,Tebah,Genesis 22:24,bible,False,,,,,,,
Gaham,бһҖбһ¶бһ бһ¶бҹҶ,Gaham, ,bible,False,,,,,,,
Tahash,бһҸбһ¶бһ бһ¶бһҹ,Tahash, ,bible,False,,,,,,,
Maacah,вҖӢбһҳбҹүбһ¶бһўбһ¶бһҖбһ¶,Maacah, ,bible,False,,,,,,,
Mahalath,бһҳбҹүбһ¶бһ бһ¶бһЎбһ¶бһҸ/,Mahalath/,"Genesis 28:8, 9",bible,False,,,,,,,
Basemath,вҖӢбһ”бһ¶бһҹбҹҒбһҳбҹүбһ¶бһҸ,Basemath,"Genesis36:3, 4",bible,False,,,,,,,
Reuel,бһҡбһјбһўбһ¶бһӣбҹӢ,Reuel,"36:13, 17",bible,False,,,,,,,
Nahath,бһҺбһ¶бһ бһ¶бһҸ,Nahath, ,bible,False,,,,,,,
Zerah,бһҹбҹҒбһҡбҹүбһ¶,Zerah, ,bible,False,,,,,,,
Schammah,бһҹбһ¶бһҳбҹүбһ¶,Schammah, ,bible,False,,,,,,,
Mizzah,вҖӢбһҳбһёбһҹбһҹбһ¶,Mizzah, ,bible,False,,,,,,,
Adah,вҖӢбһўбһ¶бһҠбһ¶,Adah,"36:11, 12, 15, 16",bible,False,,,,,,,
Eliphaz,бһўбҹҒбһӣбһёбһ•бһ¶бһҹ,Eliphaz, ,bible,False,,,,,,,
Teman,бһҗбҹҒбһҳбҹүбһ¶бһ“,Teman, ,bible,False,,,,,,,
Omar,бһўбһјбһҳбҹүбһ¶,Omar, ,bible,False,,,,,,,
Zepho,бһҹбҹҒбһ”бһ•бһј,Zepho, ,bible,False,,,,,,,
Kenaz,вҖӢбһҖбҹҒбһҺбһ¶бһҹ,Kenaz, ,bible,False,,,,,,,
Korah,вҖӢбһҖбһјбһҡбҹүбһ¶,Korah, ,bible,False,,,,,,,
Korah_Gatam, ,"Korah, Gatam","Genesis 36:11, 16",bible,False,,,,,,,
Amalek,бһўбһ¶бһҳбҹүбһ¶бһӣбҹҒбһҖвҖӢ,Amalek, ,bible,False,,,,,,,
Oholibamah,вҖӢбһўбһјбһ бһјбһӣбһёбһ”бһ¶бһҳбҹүбһ¶вҖӢ,Oholibamah,"36:14, 18",bible,False,,,,,,,
Jeush,бһҷбҹҒбһўбһәбһҹ,Jeush, ,bible,False,,,,,,,
Jalam,бһ…бһ¶бһЎбһ¶бһҳ,Jalam, ,bible,False,,,,,,,
Nebaioth,вҖӢбһҺбҹҒбһ”бҹҒбһҷбҹүбҹ„бһҸ,Nebaioth,Genesis 25:13,bible,False,,,,,,,
Kedar,вҖӢбһҖбҹҒбһҠбһ¶,Kedar, ,bible,False,,,,,,,
Mishma,бһҳбһёбһҹбһҳбҹүбһ¶,Mishma, ,bible,False,,,,,,,
Adbeel_Mibsam, ,"Adbeel, Mibsam",Genesis 25:13,bible,False,,,,,,,
Dumah_Massa, ,"Dumah, Massa",Genesis 25:14,bible,False,,,,,,,
Hadad,бһҸбҹҒбһҳбҹүбһ¶,Hadad, ,bible,False,,,,,,,
Tema,бһҸбҹҒбһҳбҹүбһ¶,Tema, ,bible,False,,,,,,,
Jetur,бһҷбҹҒбһҗбһә,Jetur, ,bible,False,,,,,,,
Naphish,бһҺбһ¶бһ—бһёбһҹ,Naphish, ,bible,False,,,,,,,
Kedemah,вҖӢбһҖбҹҒбһҠбҹҒбһҳбҹүбһ¶,Kedemah, ,bible,False,,,,,,,
Keturah, ,Keturah,Genesis 25:1,bible,False,,,,,,,
Zimran, ,Zimran,Genesis 25:1,bible,False,,,,,,,
Jokshan, ,Jokshan,Genesis 25:1,bible,False,,,,,,,
Medan, ,Medan,Genesis 25:1,bible,False,,,,,,,
Midian, ,Midian,Genesis 25:1,bible,False,,,,,,,
Ishbak, ,Ishbak,Genesis 25:1,bible,False,,,,,,,
Shuah, ,Shuah,Genesis 25:1,bible,False,,,,,,,
Timna, ,Timna,"Genesis 36:12, 1 Chr 1:36",bible,False,,,,,,,
life-expectancy2, ,(Psalm 90:10),2024-11-29,bible,False,,,,,,,
Ham, ,Ham,Gen 10:1,bible,False,,,,,,,
Canaan, ,Canaan,Gen 10:6,bible,False,,,,,,,
Sidon, ,Sidon,Gen 10:15,bible,False,,,,,,,
Heth, ,Heth,Gen 10:15,bible,False,,,,,,,
Jebusite, ,Jebusite,Gen 10:16,bible,False,,,,,,,
Amorite, ,Amorite,Gen 10:16,bible,False,,,,,,,
Girgashite, ,Girgashite,Gen 10:16,bible,False,,,,,,,
Hivite, ,Hivite,Gen 10:17,bible,False,,,,,,,
Arkite, ,Arkite,Gen 10:17,bible,False,,,,,,,
Sinite, ,Sinite,Gen 10:17,bible,False,,,,,,,
Arvadite, ,Arvadite,Gen 10:18,bible,False,,,,,,,
Zemarite, ,Zemarite,Gen 10:18,bible,False,,,,,,,
Hamathite, ,Hamathite,Gen 10:18,bible,False,,,,,,,
Cush, ,Cush,Gen 10:6,bible,False,,,,,,,
Nimrod, ,Nimrod,Gen 10:8,bible,False,,,,,,,
Mizraim, ,Mizraim,Gen 10:14,bible,False,,,,,,,
Casluh, ,Casluh,1 Chronicles 1:12 (Philistines),bible,False,,,,,,,
Japheth, ,Japheth,Gen 10:1,bible,False,,,,,,,
Asshur, ,Asshur,Gen 10:22,bible,False,,,,,,,
Lud, ,Lud,Gen 10:22,bible,False,,,,,,,
Aram, ,Aram,Gen 10:22,bible,False,,,,,,,
Elam, ,Elam,Gen 10:22,bible,False,,,,,,,
Joktan, ,Joktan,Gen 10:26,bible,False,,,,,,,
Almodad, ,Almodad,Gen 10:26,bible,False,,,,,,,
Sheleph, ,Sheleph,Gen 10:26,bible,False,,,,,,,
Hazarmareth, ,Hazarmareth,Gen 10:26,bible,False,,,,,,,
Jerah, ,Jerah,Gen 10:26,bible,False,,,,,,,
Hadoram, ,Hadoram,Gen 10:27,bible,False,,,,,,,
Uzal, ,Uzal,Gen 10:27,bible,False,,,,,,,
Diklah_Obal, ,"Diklah, Obal",Gen 10:27,bible,False,,,,,,,
Abimael, ,Abimael,Gen 10:28,bible,False,,,,,,,
Sheba_Ophir, ,"Sheba, Ophir","Gen 10:28, 29",bible,False,,,,,,,
Havilah, ,Havilah,Gen 10:29,bible,False,,,,,,,
Jobab, ,Jobab,Gen 10:29,bible,False,,,,,,,
Ham_fn, ,1) Egyptians: Psalms 105:23,2025-09-22,bible,False,,,,,,,
Canaan_fn, ,2) Canaanites: Joshua 13:3,2025-09-22,bible,False,,,,,,,
Aram_fn, ,3) Arameans: Hosea 12:12,2025-09-22,bible,False,,,,,,,
Elam_fn, ,4) Elamites: Ezra 4:9,2025-09-22,bible,False,,,,,,,
Asshur_fn, ,5) Assyrians: Ezekiel 27:23,2025-09-22,bible,False,,,,,,,
Casluh_fn, ,6) Philistines: 1 Chronicles 1:12,2025-09-22,bible,False,,,,,,,
Cush_fn, ,7) Ethiopian [Cushite]: 2 Kings 19:9,2025-09-22,bible,False,,,,,,,
Edom_fn, ,8) Edomites: Numbers 20:14-17,2025-09-22,bible,False,,,,,,,
Moab_fn, ,"9) Moabites: Deuteronomy 23:3, 4",2025-09-22,bible,False,,,,,,,
Ammon_fn, ,10) Ammonites: Joshua 12:2,2025-09-22,bible,False,,,,,,,
Midian_fn, ,"11) Midianites: Numbers 31:2, 3",2025-09-22,bible,False,,,,,,,
Amalek_fn, ,12) Amalekites: 1 Samuel 15:2,2025-09-22,bible,False,,,,,,,
Teman_fn, ,13) Temanites: Job 42:7,2025-09-22,bible,False,,,,,,,
Sidon_fn, ,14) Sidonians: Zechariah 9:2,2025-09-22,bible,False,,,,,,,
Heth_fn, ,15) Hittites: Genesis 15:20,2025-09-22,bible,False,,,,,,,
Jebusite_fn, ,16) Jebusites: Joshua 15:63,2025-09-22,bible,False,,,,,,,
Judith, ,Judith?,"Genesis 26:34, 35",bible,False,,,,,,,
Lud_fn, ,17) Lydians: 1 Chronicles 1:17,"Jewish Antiquities, I, 143, 144 [vi, 4]",bible,False,,,,,,,
Ishmael_fn, ,18) Ishmaelites: Genesis 37:27,2025-09-22,bible,False,,,,,,,
Amorite_fn, ,19) Amorites: Judges 6:10,2025-09-22,bible,False,,,,,,,
Hivite_fn, ,"20) Hivites [Gibeon]: Joshua 9:3, 7",Gibeonites,bible,False,,,,,,,
Cain, ,Cain,"Genesis 4:1, son Enoch same name as other",bible,False,,,,,,,
Abel, ,Abel,Genesis 4:2,bible,False,,,,,,,
Irad, ,Irad,Genesis 4:18,bible,False,,,,,,,
Mehujael, ,Mehujael,Genesis 4:18,bible,False,,,,,,,
Methushael, ,Methushael,"Genesis 4:18, son Lamech same as other",bible,False,,,,,,,
Jabal, ,Jabal,"Genesis 4:20 living in tents, have livestock",bible,False,,,,,,,
Jubal, ,Jubal,Genesis 4:21 play harp and pipe,bible,False,,,,,,,
Zillah, ,Zillah,"Genesis 4:19, Adah is also a wife of Esau",bible,False,,,,,,,
Tubal-cain, ,Tubal-cain,Genesis 4:22 tool of copper and iron,bible,False,,,,,,,
Naamah, ,Naamah,Genesis 4:22 his sister,bible,False,,,,,,,
Rehoboam,бһҡбҹҒбһ бһјбһ”бҹ„бһҳ,Rehoboam,first king of southern kingdom of Juda,A6-A,False,,,,,,,
Abijah,бһўбһ¶бһ”бҹҠбһёбһҷбҹүбһ¶ (вҖӢбһўбһ¶бһ”бҹҠбһёбһҷбҹүбһ¶бһҳвҖӢ),Abijah (Abijam),"3 years, also Abijam",A6-A,False,,,,,,,
Asa,бһўбҹҒбһҹбһ¶,Asa, ,A6-A,False,,,,,,,
Jehoshaphat,бһҷбҹҒбһ бһјбһҹбһ¶бһ•бһ¶бһҸ,Jehoshaphat,bce_float = -y+1 - (12-m)/12 вҖ“ (31-d)/360,A6-A,False,,,,,,,
Jehoram2,бһҷбҹҒбһ бһјбһҡбҹүбһ¶бһҳ,Jehoram, ,A6-A,False,,,,,,,
Ahaziah,бһўбһ¶бһ бһ¶бһҹбҹҠбһёбһҷбҹүбһ¶,Ahaziah, ,A6-A,False,,,,,,,
Athaliah,бһҳбһ бһ¶вҖӢбһҖбҹ’бһҹбһҸбҹ’бһҡбһёвҖӢбһўбһ¶бһҗбһ¶бһӣбҹҖ,Queen Athaliah,Queen Athaliah,A6-A,False,,,,,,,
Jehoash,бһҷбҹҒбһ бһјбһўбһ¶бһҹ,Jehoash, ,A6-A,False,,,,,,,
Amaziah,бһўбһ¶бһҳбҹүбһ¶бһҹбҹҠбһ¶,Amaziah, ,A6-A,False,,,,,,,
Uzziah,бһўбһјбһҹбҹҖбһҹ (вҖӢбһўбһ¶бһҹбһ¶бһҡбҹҖвҖӢ),Uzziah (Azariah),also Azariah,A6-A,False,,,,,,,
Jeroboam,бһҷбҹҒбһҡбҹүбһјбһ”бҹ„бһҳ,Jeroboam,first king of northern 10-tribe kingdom,A6-A,False,,,,,,,
Nadab,бһҺбһ¶бһҠбһ¶бһ”,Nadab,less than 2,A6-A,False,,,,,,,
Baasha,бһ”бһ¶бһўбһ¶бһҹбһ¶,Baasha, ,A6-A,False,,,,,,,
Elah,бһўбҹҒбһЎбһ¶,Elah, ,A6-A,False,,,,,,,
Zimri,бһҹбҹҠбһёбһҳбһҡбһё,Zimri,Only 7 days in ca. 751 BCE,A6-A,False,,,,,,,
OmriTibni,бһўбҹҶбһҡбһёвҖӢбһ“бһ·бһ„вҖӢбһ’бһёбһ”бһҺбһ¶бһҷ,Omri and Tibni together,4 years Omri and Tibni,A6-A,False,,,,,,,
Omri,бһўбҹҶбһҡбһё (вҖӢбһҳбҹ’бһ“бһ¶бһҖбҹӢвҖӢбһҜбһ„вҖӢ),Omri (alone),from 947 Omri alone,A6-A,False,,,,,,,
Ahab,бһўбһ¶бһ бһ¶бһ”бҹӢ,Ahab, ,A6-A,False,,,,,,,
Jehoram,бһҷбҹҒбһ бһјбһҡбҹүбһ¶бһҳ,Jehoram, ,A6-A,False,,,,,,,
Jehu,бһҷбҹҒбһ бҹҠбһј,Jehu, ,A6-A,False,,,,,,,
Jeoahaz,бһҷбҹҒбһ бһјбһўбһ¶бһ бһ¶бһҹ,Jeoahaz, ,A6-A,False,,,,,,,
JeoahazJehoash,бһҷбҹҒбһ бһјбһўбһ¶бһ бһ¶бһҹвҖӢбһ“бһ·бһ„вҖӢбһҷбҹҒбһ бһјбһўбһ¶бһҹ,Jeoahaz and Jehoash,For 3 years Jeoahaz and Jeoash reigned together,A6-A,False,,,,,,,
Jehoash2,бһҷбҹҒбһ бһјбһўбһ¶бһҹ (вҖӢбһҳбҹ’бһ“бһ¶бһҖбҹӢвҖӢбһҜбһ„вҖӢ),Jehoash (alone),Jehoash (alone),A6-A,False,,,,,,,
Jeroboam2,бһҷбҹҒбһҡбҹүбһјбһ”бҹ„бһҳвҖӢбһ‘бһёвҖӢбҹў,Jeroboam II, ,A6-A,False,,,,,,,
Elijah,бһўбҹҒбһӣбһёбһҷбҹүбһ¶,Elijah, ,A6-A,False,,,,,,,
Elisha,бһўбҹҒбһӣбһёбһҹбҹҒ,Elisha, ,A6-A,False,,,,,,,
Jonah,бһҷбҹүбһјбһҺбһ¶бһҹ,Jonah, ,A6-A,False,,,,,,,
Amos,бһўбҹҒбһҳбҹүбһ»бһҹ,Amos, ,A6-A,False,,,,,,,
Joel,бһҷбҹүбһјбһўбҹӮбһӣ,Joel, ,A6-A,False,,,,,,,
Jotham,бһҷбҹүбһјбһҗбһ¶бһҳ,Jotham, ,A6-B,False,,,,,,,
Ahaz,бһўбҹҒбһ бһ¶бһҹ,Ahaz, ,A6-B,False,,,,,,,
Hezekiah,бһ бҹҒбһҹбҹҒбһӮбһ¶,Hezekiah, ,A6-B,False,,,,,,,
Manasseh,бһҳбҹүбһ¶бһҺбһ¶бһҹбҹҒ,Manasseh, ,A6-B,False,,,,,,,
Amon,бһўбҹҒбһҳбҹүбһ»бһ“,Amon, ,A6-B,False,,,,,,,
Josiah,бһҷбҹүбһјбһҹбҹҖбһҹ,Josiah, ,A6-B,False,,,,,,,
Jehoahaz,бһҷбҹҒбһ бһјбһўбһ¶бһ бһ¶бһҹ,Jehoahaz,Only 3 months,A6-B,False,,,,,,,
Jehoiakim,бһҷбҹҒбһ бһјбһҷбҹүбһ¶бһӮбһёбһҳ,Jehoiakim, ,A6-B,False,,,,,,,
Jehoiachin,бһҷбҹҒбһ бһјбһҷбҹүбһ¶бһӮбһёбһ“,Jehoiachin,Only 3 months 10 days,A6-B,False,,,,,,,
Zedekiah,бһҹбҹҒбһҠбҹҒбһӮбһ¶,Zedekiah, ,A6-B,False,,,,,,,
Zechariah,бһҹбһ¶бһҖбһ¶бһҡбһё,Zechariah,"reign only recorded 6 months, probably only established 792 BCE",A6-B,False,,,,,,,
Schallum,бһҹбһ¶бһӣбһјбһҳ,Schallum,only one month,A6-B,False,,,,,,,
Menahem,бһҳбҹҒбһҺбһ¶бһ бһ·бһҳ,Menahem, ,A6-B,False,,,,,,,
Pekahiah,бһ—бҹҒбһҖбһ¶бһ бҹҠбһ¶,Pekahiah, ,A6-B,False,,,,,,,
Pekah,бһ—бҹҒбһҖбһ¶,Pekah, ,A6-B,False,,,,,,,
Hoshea,бһ бһјбһҹбҹҠбһ¶,Hoshea,9 years from c. 748,A6-B,False,,,,,,,
Hosea,бһ бһјбһҹбҹҒ,Hosea, ,A6-B,False,,,,,,,
Isaiah,бһўбҹҒбһҹбһ¶бһҷ,Isaiah, ,A6-B,False,,,,,,,
Micah,бһҳбһёбһҖбһ¶,Micah, ,A6-B,False,,,,,,,
Zephaniah,бһҹбҹҒбһ•бһ¶бһ“бһ¶,Zephaniah, ,A6-B,False,,,,,,,
Nahum,бһҺбһ¶бһ бҹҠбһ»бһҳ,Nahum, ,A6-B,False,,,,,,,
Jeremiah,бһҷбҹҒбһҡбҹҒбһҳбһ¶,Jeremiah, ,A6-B,False,,,,,,,
Habakuk,бһ бһ¶бһ”бһ¶бһӮбһ»бһҖ,Habakuk, ,A6-B,False,,,,,,,
Daniel,бһҠбһ¶бһ“бһёбһҷбҹүбҹӮбһӣ,Daniel, ,A6-B,False,,,,,,,
Ezekiel,бһўбҹҒбһҹбҹҒбһӮбһ¶бһӣ,Ezekiel, ,A6-B,False,,,,,,,
Obadiah,бһўбһјбһ”бһ¶бһҢбһ¶,Obadiah, ,A6-B,False,,,,,,,
Babylon,"бһҠбһ¶бһ“бһёбһҷбҹүбҹӮбһӣ 2:32, 36-38; 7:4","Daniel 2:32, 36-38; 7:4", ,B9,False,,,,,,,
Medopersia,"бһҠбһ¶бһ“бһёбһҷбҹүбҹӮбһӣ 2:32, 39; 7:5","Daniel 2:32, 39; 7:5", ,B9,False,,,,,,,
Greece,"бһҠбһ¶бһ“бһёбһҷбҹүбҹӮбһӣ 2:32, 39; 7:6","Daniel 2:32, 39; 7:6", ,B9,False,,,,,,,
Rome,"бһҠбһ¶бһ“бһёбһҷбҹүбҹӮбһӣ 2:33, 40; 7:7","Daniel 2:33, 40; 7:7", ,B9,False,,,,,,,
Angloamerica,"бһҠбһ¶бһ“бһёбһҷбҹүбҹӮбһӣ 2:33, 41-43","Daniel 2:33, 41-43", ,B9,False,,,,,,,
Babylon_c,бһ”бһ¶бһ”бҹҠбһёбһЎбһјбһ“,Babylon, ,B9,False,,,,,,,
Medopersia_c,бһҳбҹҒбһҢбһёвҖӢбһ–бһҫбһҹбҹҠбһё,Medo-Persia, ,B9,False,,,,,,,
Greece_c,бһҖбҹ’бһҡбһ·бһ…,Greece, ,B9,False,,,,,,,
Rome_c,бһҡбҹүбһјбһҳ,Rome, ,B9,False,,,,,,,
Angloamerica_c,бһўбһ„бҹӢбһӮбҹ’бһӣбҹҒбһҹвҖӢбһўбһ¶бһҳбҹүбҹҒбһҡбһ·бһҖ,Anglo-America, ,B9,False,,,,,,,
daniel2_1,бһҹбҹ’бһҠбҹҒбһ…вҖӢбһ“бҹҒбһ”бҹҠбһјбһҖбҹ’бһ“бҹҒбһҹбһ¶вҖӢбһ”бҹҶбһ•бҹ’бһӣбһ¶бһү,King Nebuchadnezzar,607 BCE,B9,False,,,,,,,
daniel2_2,бһҷбҹҒбһҡбһјбһҹбһ¶бһЎбһ·бһҳ,destroys Jerusalem, ,B9,False,,,,,,,
daniel2_3,бһ…бҹ’бһ”бһ¶бҹҶбһ„вҖӢбһҲбҹ’бһ“бҹҮвҖӢбһ”бһ¶бһ”бҹҠбһёбһЎбһјбһ“,Conquers Babylon,539 BCE,B9,False,,,,,,,
daniel2_4,бһҹбҹҠбһёбһҡбһјбһҹвҖӢбһ”бһ„бҹ’бһӮбһ¶бһ”бҹӢвҖӢбһ–бһҪбһҖвҖӢбһҷбһјбһҠбһ¶вҖӢбһІбҹ’бһҷвҖӢбһ‘бҹ…вҖӢ,Cyrus decrees return,537 BCE,B9,False,,,,,,,
daniel2_5,бһҷбҹҒбһҡбһјбһҹбһ¶бһЎбһ·бһҳвҖӢбһңбһ·бһү,of Jews to Jerusalem, ,B9,False,,,,,,,
daniel2_6,бһўбһ¶бһЎбһ·бһ…бһҹбһ„бҹӢвҖӢбһҠбҹҸвҖӢбһҒбҹ’бһӣбһ¶бҹҶбһ„вҖӢбһҖбҹ’бһӣбһ¶вҖӢ,Alexander the Great,331 BCE,B9,False,,,,,,,
daniel2_7,бһ…бҹ’бһ”бһ¶бҹҶбһ„вҖӢбһҲбҹ’бһ“бҹҮвҖӢбһ–бһҫбһҹбҹҠбһё,conquers Persia, ,B9,False,,,,,,,
daniel2_8,бһӮбҹ’бһҡбһ”бҹӢвҖӢбһӮбҹ’бһҡбһ„вҖӢбһўбҹҠбһёбһҹбҹ’бһҡбһ¶бһўбҹӮбһӣ,Rules over Israel,63 BCE,B9,False,,,,,,,
daniel2_9,бһ”бҹҶбһ•бҹ’бһӣбһ¶бһүвҖӢбһҷбҹҒбһҡбһјбһҹбһ¶бһЎбһ·бһҳ,Destroys Jerusalem,70 CE,B9,False,,,,,,,
daniel2_10,бһўбҹҶбһЎбһ»бһ„вҖӢбһҹбһ„бҹ’бһӮбҹ’бһҡбһ¶бһҳвҖӢбһӣбҹ„бһҖвҖӢбһӣбһҫбһҖвҖӢбһ‘бһёвҖӢбҹЎ,"During World War I,",1914-1918 CE,B9,False,,,,,,,
daniel2_11,бһ…бһ¶бһ”бҹӢвҖӢбһ•бҹ’бһҠбһҫбһҳвҖӢбһҳбһ¶бһ“вҖӢбһҳ,Anglo-American World Power, ,B9,False,,,,,,,
daniel2_12,бһ бһ¶вҖӢбһўбҹҶбһҺбһ¶бһ…вҖӢбһўбһ„бҹӢбһӮбҹ’бһӣбҹҒбһҹвҖӢбһўбһ¶бһҳбҹүбҹҒбһҡбһ·бһҖ,comes into being,End 4.2,B9,False,,,,,,,
607BCE,бһҶбҹ’бһ“бһ¶бҹҶвҖӢ607 бһҳбһ»бһ“вҖӢбһӮ.бһҹ.,607 B.C.E.,accommodate for language,B9,False,,,,,,,
539BCE,бһҶбҹ’бһ“бһ¶бҹҶвҖӢ539 бһҳбһ»бһ“вҖӢбһӮ.бһҹ.,539 B.C.E.,systems in style:,B9,False,,,,,,,
537BCE,бһҶбҹ’бһ“бһ¶бҹҶвҖӢ537 бһҳбһ»бһ“вҖӢбһӮ.бһҹ.,537 B.C.E.,>>year 537 before time<<,B9,False,,,,,,,
331BCE,бһҶбҹ’бһ“бһ¶бҹҶвҖӢ331 бһҳбһ»бһ“вҖӢбһӮ.бһҹ.,331 B.C.E.,so they need a word,B9,False,,,,,,,
63BCE,бһҶбҹ’бһ“бһ¶бҹҶвҖӢ63 бһҳбһ»бһ“вҖӢбһӮ.бһҹ.,63 B.C.E.,prior to the year,B9,False,,,,,,,
70CE,бһҶбҹ’бһ“бһ¶бҹҶвҖӢ70 бһӮ.бһҹ.,70 C.E.,and something,B9,False,,,,,,,
1914CE,бһҶбҹ’бһ“бһ¶бҹҶвҖӢ1914-вҖӢ1918 бһӮ.бһҹ.,1914-1918 C.E.,after the year,B9,False,,,,,,,
7times,бһңбһ·бһңбһҡбһҺбҹҲ 12:9,Revelation 12:9, ,scripture,False,,,,,,,
infliction2,бһҖбһ·бһ…бҹ’бһ…бһҖбһ¶бһҡ 7:6,Acts 7:6, ,scripture,False,,,,,,,
eastern-zhou,770-256 бһҳбһ»бһ“бһӮ.бһҹ,770-256 BC, ,span_bc,False,,,,,,,
430years, ,1943 вҖ“ 1513 B.C.E., ,span_bce,False,,,,,,,
eastern-han,25-220 бһӮ.бһҹ,25-220 CE, ,span_ce,False,,,,,,,
northern-dynasties,368-581 бһӮ.бһҹ,368-581 CE, ,span_ce,False,,,,,,,
southern-dynasties,420-589 бһӮ.бһҹ,420-589 CE, ,span_ce,False,,,,,,,
khmer_empire,804 вҖ“ 1431,804 вҖ“ 1431, ,timespan,True,,,,,,,
byzantine_empire,330 вҖ“ 1453,330 вҖ“ 1453, ,timespan,True,,,,,,,
ottoman_empire,1299 вҖ“ 1922,1299 вҖ“ 1922, ,timespan,True,,,,,,,
holy_roman_empire,800 вҖ“ 924,800 вҖ“ 924, ,timespan,True,,,,,,,
holy_roman_empire2,962 вҖ“ 1806,962 вҖ“ 1806, ,timespan,True,,,,,,,
inca_empire,1438 вҖ“ 1533,1438 вҖ“ 1533, ,timespan,True,,,,,,,
gupta_empire,319 вҖ“ 550,319 вҖ“ 550, ,timespan,True,,,,,,,
Umayyad,661 вҖ“ 750,661 вҖ“ 750, ,timespan,True,,,,,,,
Abbasid,750 вҖ“ 1258,750 вҖ“ 1258, ,timespan,True,,,,,,,
Mamluk,1250 вҖ“ 1517,1250 вҖ“ 1517, ,timespan,True,,,,,,,
seljuk_empire,1037 вҖ“ 1194,1037 вҖ“ 1194,"Seljuk Empire 1037-1194, part of Seljuk dynasty 1037-1308",timespan,True,,,,,,,
lombard,568 вҖ“ 774,568 вҖ“ 774,Kingdom of the Lombards 568-774,timespan,True,,,,,,,
qing-dynasty,1636-1912,1636-1912, ,timespan,True,,,,,,,
ming-dynasty,1368-1644,1368-1644, ,timespan,True,,,,,,,
yuan-dynasty,1271-1368,1271-1368, ,timespan,True,,,,,,,
southern-song,1127-1279,1127-1279, ,timespan,True,,,,,,,
northern-song,960-1127,960-1127, ,timespan,True,,,,,,,
western-xia,1038-1227,1038-1227, ,timespan,True,,,,,,,
maya_classic,250вҖ“950,250вҖ“950, ,timespan,True,,,,,,,
maya_postclassic,950-1539,950-1539, ,timespan,True,,,,,,,
tran_dynasty,1225вҖ“1400,1225вҖ“1400, ,timespan,True,,,,,,,
le_dynasty,1428вҖ“1527,1428вҖ“1527,triб»Ғu LГӘ sЖЎ or Vietnamese: nhГ  LГӘ sЖЎ,timespan,True,,,,,,,
revival_le_dynasty,1533-1789,1533-1789, ,timespan,True,,,,,,,
nguyen_dynasty,1802 вҖ“ 1883,1802 вҖ“ 1883, ,timespan,True,,,,,,,
edo,1603 вҖ“ 1868,1603 вҖ“ 1868, ,timespan,True,,,,,,,
meiji,1868 вҖ“ 1912,1868 вҖ“ 1912, ,timespan,True,,,,,,,
Julius,бһҮбһјбһӣбһёбһҹ,Julius, ,wiki,False,,,,,,,
Caligula,бһҖбһ¶бһӣбһёбһ бҹ’бһӮбһјбһЎбһ¶,Caligula, ,wiki,False,,,,,,,
Nero,бһ“бһёбһҡбҹүбһј,Nero, ,wiki,False,,,,,,,
Galba-Otho-Vitellius,"бһ бҹ’бһӮбһ¶бһ”бһ¶, бһўбһјбһҸбһј бһ“бһ·бһ„ бһңбһёбһҸбһ¶бһӣбһёбһҹ (бһҶбҹ’бһ“бһ¶бҹҶбһ“бҹғбһўбһ’бһ·бһҡбһ¶бһҮбһ‘бһ¶бҹҶбһ„бһ”бһҪбһ“)","Galba, Otho and Vitellius (Year of the Four Emperors)", ,wiki,False,,,,,,,
Vespasian,бһңбҹҒбһҹбҹ’бһ”бҹүбһ¶бһҹбҹҖбһ“,Vespasian, ,wiki,False,,,,,,,
covid19,бһҖбһјбһңбһёбһҠ-19,Covid-19, ,wiki,False,,,,,,,
nicaea1,бһҖбҹ’бһҡбһ»бһҳбһ”бҹ’бһҡбһ№бһҖбҹ’бһҹбһ¶бһ‘бһёбһҳбһҪбһҷбһ“бҹғбһ“бһёбһҖбһ¶,First Council of Nicaea, ,wiki,False,,,,,,,
oxyrhynchus,бһўбһ¶бһӣбҹӢбһ”бһ¶бһҺбһ¶бһҹбһ¶ бһ•бһ„бһҠбҹӮбһҡбҹ”,Oxyrhynchus Papyri, ,wiki,False,,,,,,,
p52,бһ•бһ„бһҠбҹӮбһҡбҹ” P52,Papyrus P52, ,wiki,False,,,,,,,
qing-dynasty_c,бһҡбһ¶бһҮбһңбһ„бҹ’бһҹбһҲбһёбһ„,Qing dynasty,1636-1912,wiki,False,,,,,,,
ming-dynasty_c,бһҡбһ¶бһҮбһңбһ„бҹ’бһҹ бһҳбһёбһ„ бһ“бҹ…вҖӢбһ…бһҖбҹ’бһҡбһ—бһ–вҖӢбһ…бһ·бһ“,Ming dynasty in imperial China,1368-1644,wiki,False,,,,,,,
yuan-dynasty_c,бһҷбһ“бҹӢ,Yuan,1271-1368,wiki,False,,,,,,,
southern-song_c,бһ…бһҳбҹ’бһҡбҹҖбһ„бһ—бһ¶бһӮбһҒбһ¶бһ„бһҸбҹ’бһ”бһјбһ„,Southern Song,1127-1279,wiki,False,,,,,,,
northern-song_c,бһ…бһҳбҹ’бһҡбҹҖбһ„бһҒбһ¶бһ„бһҮбһҫбһ„,Northern Song,960-1127,wiki,False,,,,,,,
western-xia_c,бһҹбҹҖбһҒбһ¶бһ„бһӣбһ·бһ…,Western Xia,1038-1227,wiki,False,,,,,,,
Copernicus,бһ“бһёбһҖбһјбһЎбһ¶бһҹ бһҖбһјбһ–бҹӮбһҡбһ“бһ·бһ…,Nicolaus Copernicus, ,wiki,False,,,,,,,
Galileo,бһҖбһ¶бһӣбһёбһЎбҹҒбһўбһј бһ бҹ’бһӮбһ¶бһӣбһёбһӣбһё,Galileo Galilei,Galileo di Vincenzo Bonaiuti de' Galilei,wiki,False,,,,,,,
Newton,бһўбҹҠбһёбһҹбһ¶бһҖ бһүбһјбһҸбһ»бһ“,Isaac Newton, ,wiki,False,,,,,,,
shang-dynasty_c,бһҡбһ¶бһҮбһңбһ„бҹ’бһҹ бһҹбҹҠбһ¶бһ„,Shang dynasty,c. 1600-1046 BC,wiki,False,,,,,,,
western-zhou_c,бһ…бһјбһңбһҒбһ¶бһ„бһӣбһ·бһ…,Western Zhou,c. 1046-771 BC,wiki,False,,,,,,,
eastern-zhou_c,бһ…бһјбһңбһҒбһ¶бһ„бһҖбһҫбһҸ,Eastern Zhou,770-256 BC,wiki,False,,,,,,,
western-han_c,бһ бһ¶бһ“бһҒбһ¶бһ„бһӣбһ·бһ…,Western Han,207 BC вҖ“ 9 CE,wiki,False,,,,,,,
eastern-han_c,бһ бһ¶бһ“бһҒбһ¶бһ„бһҖбһҫбһҸ,Eastern Han,25-220 CE,wiki,False,,,,,,,
three-kingdoms_c,бһ…бһ·бһ“,China,Three kingdoms 220-280 CE,wiki,False,,,,,,,
sixteen-kingdoms_c,бһ…бһ·бһ“,China,Sixteen kingdoms 304-439 CE,wiki,False,,,,,,,
northern-dynasties_c,бһҡбһ¶бһҮбһңбһ„бҹ’бһҹбһҒбһ¶бһ„бһҮбһҫбһ„,Northern dynasties,368-581 CE,wiki,False,,,,,,,
southern-dynasties_c,бһҡбһ¶бһҮбһңбһ„бҹ’бһҹбһҒбһ¶бһ„бһҸбҹ’бһ”бһјбһ„,Southern dynasties,420-589 CE,wiki,False,,,,,,,
tang-dynasty2_c,бһҡбһ¶бһҮбһңбһ„бҹ’бһҹбһҗбһ¶бһ„,Tang dynasty,"618-690, 705-907",wiki,False,,,,,,,
byzantine_empire_c,бһ…бһҖбҹ’бһҡбһ—бһ– бһ”бҹҠбһёбһ бҹ’бһҹбһёбһ“бһ‘бһёбһ“,Byzantine Empire, ,wiki,False,,,,,,,
ottoman_empire_c,бһ…бһҖбҹ’бһҡбһ—бһ–бһўбһјбһҸбһјбһҳбҹүбһ„бҹӢ,Ottoman Empire, ,wiki,False,,,,,,,
Genghis,бһҮбҹҒбһ“бһ бҹ’бһӮбһ·бһҹ бһҒбһ¶бһ“бҹӢ,Genghis Khan, ,wiki,False,,,,,,,
inca_empire_c,бһўбһ¶бһҺбһ¶бһ…бһҖбҹ’бһҡ Inca,Inca empire, ,wiki,False,,,,,,,
gupta_empire_c,бһ…бһҖбҹ’бһҡбһ—бһ– бһ бҹ’бһӮбһјбһҸбһ¶,Gupta Empire, ,wiki,False,,,,,,,
Teotihuacan_c,Teotihuacan,Teotihuacan, ,wiki,False,,,,,,,
Abbasid_c,Abbasid Caliphate,Abbasid Caliphate, ,wiki,False,,,,,,,
Mamluk_c,бһҳбҹүбһҳбһӣбһјбһҖбһҹбҹҠбһ»бһӣбһҸбһ„бҹӢ,Mamluk Sultanate, ,wiki,False,,,,,,,
Al-Ghazali,бһўбһ¶бһӣбҹӢбһ бҹ’бһӮбһ¶бһ бҹ’бһҹбһ¶бһӣбһё,Al-Ghazali,2024-06-19,wiki,False,,,,,,,
wulfila, ,Wulfila Bible,2025-09-20,wiki,False,,,,,,,
tran_dynasty_c, ,Trбә§n dynasty, ,wiki,False,,,,,,,
le_dynasty_c, ,LГӘ dynasty, ,wiki,False,,,,,,,
revival_le_dynasty_c, ,Trб»Ӣnh lords and Nguyб»…n lords,"NhГ  LГӘ trung hЖ°ng, Revival LГӘ dynasty",wiki,False,,,,,,,
seljuk_empire_c, ,Seljuk empire, ,wiki,False,,,,,,,
vandals_c, ,Vandals, ,wiki,False,,,,,,,
lombard_c, ,Lombard Kingdom,2025-10-13,wiki,False,,,,,,,
people,бһҳбһ“бһ»бһҹбҹ’бһҹ,people, ,deprecated,False,,,,,,,
judges,бһ…бҹ…бһҖбҹ’бһҡбһҳ,judges, ,deprecated,False,,,,,,,
prophets,бһ бҹ„бһҡбһ¶,prophets, ,deprecated,False,,,,,,,
kings,бһҹбҹ’бһҸбҹҒбһ…,kings, ,deprecated,False,,,,,,,
periods,бһҡбһҷбҹҲбһ–бҹҒбһӣ,periods, ,deprecated,False,,,,,,,
events,бһ–бҹ’бһҡбһ№бһҸбҹ’бһҸбһ·бһҖбһ¶бһҡбһҺбҹҚ,events, ,deprecated,False,,,,,,,
objects,бһңбһҸбҹ’бһҗбһ»бһ¬бһңбһҸбҹ’бһҗбһ»,objects or items, ,deprecated,False,,,,,,,
event_destruction_samaria2,740 бһҳбһ»бһ“бһӮ.бһҹ. бһҠбҹ„бһҷ бһўбһ¶бһҹбҹ’бһҹбҹҠбһёбһҡбһё,740 B.C.E. by Assyria,was shortened here for 2 lines,deprecated,False,,,,,,,
photodrama,бһӣбҹ’бһҒбҹ„бһ“бһҡбһјбһ”бһҗбһҸбһ“бҹғбһҖбһ¶бһҡбһ”бһ„бҹ’бһҖбһҫбһҸ бһҸбҹ’бһҡбһјбһңбһ”бһ¶бһ“бһ”бһ„бҹ’бһ бһ¶бһүбһҮбһ¶бһӣбһҫбһҖбһҠбҹҶбһ”бһјбһ„бһ“бҹ…бһүбһјбһңбһҷбҹүбһҖбһ“бҹ…бһҗбҹ’бһ„бҹғбһ‘бһё 11 бһҒбҹӮбһҳбһҖбһҡбһ¶бһҶбҹ’бһ“бһ¶бҹҶ 1914 бҹ”,"The вҖңPhoto-Drama of CreationвҖқ is first shown in New York on January 11, 1914", ,deprecated,False,,,,,,,
truth_book,"бһҹбҹҖбһңбһ—бҹ… ""бһҹбҹҒбһ…бһҖбҹ’бһҸбһёбһ–бһ·бһҸбһҠбҹӮбһӣбһ“бһ¶бҹҶбһ‘бҹ…бһҡбһҖбһҮбһёбһңбһ·бһҸбһўбһҹбҹӢбһҖбһӣбҹ’бһ”бһҮбһ¶бһ“бһ·бһ…бҹ’бһ…"" бһ…бҹҒбһүбһ•бҹ’бһҹбһ¶бһҷбһҶбҹ’бһ“бһ¶бҹҶ 1968",The book вҖңThe Truth That Leads to Eternal LifeвҖқ is released 1968, ,deprecated,False,,,,,,,
jw_broadcasting,бһҖбһ¶бһҡбһ•бҹ’бһҹбһ¶бһҷ jw.broadcast бһ“бҹ…бһҒбҹӮбһҸбһ»бһӣбһ¶ бһҶбҹ’бһ“бһ¶бҹҶ 2014,Start of JW BroadcastingВ® in October 2014, ,deprecated,False,,,,,,,
meeting_workbook,"бһ‘бһҳбҹ’бһҡбһ„бҹӢбһҗбҹ’бһҳбһёбһ“бҹғбһҖбһ·бһ…бҹ’бһ…бһ”бҹ’бһҡбһҮбһ»бҹҶбһ–бһ¶бһҖбҹӢбһҖбһҺбҹ’бһҸбһ¶бһӣбһҹбһ”бҹ’бһҸбһ¶бһ бҹҚбһҮбһ¶бһҳбһҪбһҷ ""бһҹбҹҖбһңбһ—бҹ…бһҖбһ¶бһҡбһ„бһ¶бһҡ"" бһҠбҹӮбһӣбһ…бһ¶бһ”бҹӢбһ•бҹ’бһҸбһҫбһҳбһ–бһёбһҒбҹӮбһҳбһҖбһҡбһ¶ бһҶбҹ’бһ“бһ¶бҹҶ 2016",New format of midweek meeting with вҖңMeeting WorkbookвҖқ starting January 2016, ,deprecated,False,,,,,,,
terahfam,бһҹбһҳбһ¶бһҮбһ·бһҖбһ“бҹғбһӮбҹ’бһҡбһҪбһҹбһ¶бһҡбһҡбһ”бһҹбҹӢ Terah,Members of TerahвҖҷs family, ,deprecated,False,,,,,,,
metropolitan,бһҖбһ¶бһҡвҖӢбһ…бһ¶бһ”бҹӢвҖӢбһ•бҹ’бһҸбһҫвҖӢбһҳвҖӢбһ“бҹғвҖӢбһҖбһ¶бһҡвҖӢбһ’бҹ’бһңбһҫвҖӢбһҮбһ¶вҖӢбһҹбһ¶бһҖбҹ’бһҹбһёвҖӢбһ‘бһёвҖӢбһҖбҹ’бһҡбһ»бһ„вҖӢбһ“бҹ…вҖӢбһҖбҹ’бһ“бһ»бһ„ 2011,Start of metropolitan witnessing in 2011, ,deprecated,False,,,,,,,
jw_org,бһҖбһ¶бһҡбһ…бһ¶бһ”бҹӢбһ•бҹ’бһҸбһҫбһҳбһ“бҹғ JW.ORG бһҮбһ¶бһҳбһҪбһҷбһ“бһ№бһ„бһҖбһ¶бһҡбһҺбҹӮбһ“бһ¶бҹҶбһҖбҹ’бһ“бһ»бһ„бһҖбһ·бһ…бҹ’бһ…бһ”бһҳбҹ’бһҡбһҫбһ•бҹ’бһҹбһ¶бһҷбһҡбһ”бһҹбҹӢбһ–бҹ’бһҡбҹҮбһҡбһ¶бһҮбһ¶бһҺбһ¶бһ…бһҖбҹ’бһҡ бһҒбҹӮбһ’бҹ’бһ“бһј бһҶбҹ’бһ“бһ¶бҹҶ 2012,Start of JW.ORG with instructions in Kingdom Ministry December 2012, ,deprecated,False,,,,,,,
Babylon2, , ,no text left and right вҖ“ empty!,deprecated,False,,,,,,,
daniel2_shift,0,0,Start 4.2,deprecated,False,,,,,,,
Gatam,бһҖбһ¶бһҗбһ¶бһҳ,Gatam, ,deprecated,False,,,,,,,
Adbeel,бһўбһ¶бһҸбһ”бҹҖбһӣ,Adbeel, ,deprecated,False,,,,,,,
Mibsam,бһҳбһёбһ”бһҹбһ¶бһҳ,Mibsam, ,deprecated,False,,,,,,,
Dumah,бһҢбһјбһҳбҹүбһ¶,Dumah, ,deprecated,False,,,,,,,
Massa,бһҳбҹүбһ¶бһҹбһ¶,Massa, ,deprecated,False,,,,,,,
tang-dynasty1, , , ,deprecated,False,,,,,,,
xia-dynasty,бһҡбһ¶бһҮбһңбһ„бҹ’бһҹ Xia бһ“бҹ…бһ”бҹ’бһҡбһ‘бҹҒбһҹбһ…бһ·бһ“ бһӮ. 2070 вҖ“ бһӮ. 1600 бһҳбһ»бһ“бһӮ,Xia dynasty in China c. 2070 вҖ“ c. 1600 BC, ,deprecated,False,,,,,,,
Midianites, ,"1) Midianites: Numbers 31:2, 3", ,deprecated,False,,,,,,,
Moabites, ,"2) Moabites: Deuteronomy 23:3, 4", ,deprecated,False,,,,,,,
Ammonites, ,3) Ammonites: Joshua 12:2, ,deprecated,False,,,,,,,
Edomites, ,4) Edomites: Numbers 20:14-17, ,deprecated,False,,,,,,,
Temanites, ,5) Temanites: Job 42:7, ,deprecated,False,,,,,,,
Amalekites, ,6) Amalekites: 1 Samuel 15:2,2024-09-29,deprecated,False,,,,,,,
king_south_light, , ,2025-02-05,deprecated,False,,,,,,,
king_north_light, , ,2025-02-05,deprecated,False,,,,,,,
daniel2_iron, , ,2025-02-05,deprecated,False,,,,,,,
