key,text,english,notes,tag,checked,checked_by,date,google,chatgpt,gemini,claude,bing
version,6.02,6.02, ,float,True,,,,,,,
pdf_title,6000 سال انسانی تاریخ کا تصور,6000 years human history visualized,2026-02-12,text,True,,,,,,,
pdf_subject,انسانیت کی ٹائم لائن,Timeline of humankind, ,text,False,,,,,,,
BCE,بی سی ای,B.C.E., ,B9,True,,,,,,,
CE,سی۔ای۔,C.E., ,B9,True,,,,,,,
month,مہینہ,month, ,text,False,,,,,,,
months,مہینے,months, ,text,False,,,,,,,
day,دن,day, ,text,False,,,,,,,
days,دن,days, ,text,False,,,,,,,
to,کو,to, ,text,False,,,,,,,
Deluge,سیلاب,Deluge, ,text,False,,,,,,,
moses2,1593 سے 1473 قبل مسیح - 120 سال,1593 to 1473 B.C.E. – 120 years, ,text,False,,,,,,,
temple1,نیسان 1513 قبل مسیح زیو سے 1034 قبل مسیح,Nisan 1513 B.C.E. to Ziv 1034 B.C.E., ,text,False,,,,,,,
69weeks,یسوع نے خزاں 29 عیسوی میں بپتسمہ دیا۔,Jesus baptized autumn 29 C.E., ,text,False,,,,,,,
year,سال,year,"timespan, age (Adam was 130 years old when Shem was born)",text,True,,,,,,,
years,سال,years, ,text,False,,,,,,,
years_age,سال,years,"years when used as age for a person (different word than years in some languages), like he is 23 years old",text,False,,,,,,,
age_kings, , ,"if the word ""year"" appears after the numeral, like ""at the age of 35 years""",text,False,,,,,,,
wilderness,بیابان میں اسرائیل 1513 سے 1473 قبل مسیح - 40 سال,Israel in the wilderness 1513 to 1473 B.C.E. – 40 years, ,text,False,,,,,,,
timespan_judges,1473 سے 1117 قبل مسیح - 356 سال,1473 to 1117 B.C.E. – 356 years, ,text,False,,,,,,,
timespan_judges2,ججوں کا وقت,Time of the judges, ,text,False,,,,,,,
temple2,ہیکل کی تعمیر تک 479 سال – 1 کنگز 6:1,479 years until the temple construction – 1 Kings 6:1,1034 BCE,text,False,,,,,,,
69weeks2,مسیحا کے لیے 69 ہفتے – ڈینیل 9:25,69 weeks to the Messiah – Daniel 9:25, ,text,False,,,,,,,
jesus_service,یسوع کی خدمت کے 3.5 سال، 14 نیسان، 33 عیسوی کو پھانسی دی گئی۔,"3.5 years of Jesus service, executed Nisan 14th, 33 C.E.", ,text,False,,,,,,,
jesus_life,یسوع کی پیدائش 2 قبل مسیح,Jesus born 2 B.C.E., ,text,False,,,,,,,
exile,607 سے 537 قبل مسیح – 70 سال (یرمیاہ 25:11),607 to 537 B.C.E. – 70 years (Jeremiah 25:11), ,text,False,,,,,,,
exile2,جلاوطنی,Exile, ,text,False,,,,,,,
7times2,7 بار - مسیحی بادشاہت سے 2520 سال 1914 عیسوی (دانیال 4:23),7 times – 2520 years to the Messianic Kingdom 1914 C.E. (Daniel 4:23), ,text,False,,,,,,,
ww1,جنگ عظیم اول - 1914-1918 عیسوی,World War I – 1914–1918, ,text,False,,,,,,,
ww2,دوسری جنگ عظیم - 1939-1945 عیسوی,World War II – 1939–1945, ,text,False,,,,,,,
30_year_war,یورپ میں تیس سالہ جنگ 1618-1648,Thirty Years' War in Europe 1618-1648, ,text,False,,,,,,,
joshua,110 سال,110 years, ,text,False,,,,,,,
caleb,85 سال سے زیادہ,more than 85 years, ,text,False,,,,,,,
missionary1,پال کا پہلا مشنری سفر، سی۔ برناباس اور جان مارک کے ساتھ 47-48 عیسوی,"First Missionary Journey of Paul, c. 47-48 C.E. with Barnabas and John Mark", ,text,False,,,,,,,
circumcision,انطاکیہ میں ختنہ کا مسئلہ، یروشلم میں کانفرنس c. 49 عیسوی,"Circumcision issue at Antioch, conference in Jerusalem c. 49 C.E.", ,text,False,,,,,,,
missionary2,دوسرا مشنری سفر ج. 49-52 عیسوی میں سیلاس (سلوانس) کے ساتھ,Second Missionary Journey c. 49-52 C.E with Silas (Silvanus), ,text,False,,,,,,,
missionary3,تیسرا مشنری سفر 52-56 عیسوی,Third Missionary Journey c. 52-56 C.E., ,text,False,,,,,,,
caesarea,پولس قیصریہ میں زیر حراست c. 56-58 عیسوی,Paul in custody in Caesarea c. 56-58 C.E., ,text,False,,,,,,,
rome1,روم میں پولس کی پہلی قید 59-61 عیسوی میں ہوئی۔,Paul’s first imprisonment in Rome c. 59-61 C.E., ,text,False,,,,,,,
rome2,روم میں پولس کی دوسری قید c. 65 عیسوی، 2 تیمتھیس نے لکھا، پال کو پھانسی دی گئی۔,"Paul’s second imprisonment in Rome c. 65 C.E., 2 Timothy written, Paul executed", ,text,False,,,,,,,
event_exodus,14 نیسان 1513 قبل مسیح کو مصر سے خروج,"Exodus from Egypt on Nisan 14th, 1513 B.C.E.", ,text,False,,,,,,,
event_division_kingdom,اسرائیل کی تقسیم 997 قبل مسیح,Division of Israel 997 BCE, ,text,False,,,,,,,
event_destruction_samaria,سامریہ کی تباہی 740 قبل مسیح اسوری کی طرف سے,Destruction of Samaria 740 B.C.E. by Assyria,Destruction of Samaria 740 B.C.E. by Assyria,text,False,,,,,,,
event_destruction_jerusalem1,یروشلم کی تباہی 607 قبل مسیح بابل کی طرف سے، سلطنت کی تقسیم کے 390 سال بعد (حزقی ایل 4:5),"Destruction of Jerusalem 607 B.C.E. by Babylon, 390 years after the division of the kingdom (Ezekiel 4:5)", ,text,False,,,,,,,
event_temple_rebuilt,یروشلم میں ہیکل کی تعمیر نو 515 قبل مسیح,Temple in Jerusalem rebuilt 515 B.C.E., ,text,False,,,,,,,
event_jerusalem_rebuilt,یروشلم کی دیوار 455 قبل مسیح میں دوبارہ تعمیر کی گئی۔,Jerusalem wall rebuilt 455 B.C.E., ,text,False,,,,,,,
event_destruction_jerusalem2,یروشلم کی تباہی 70 عیسوی میں روم کے ذریعے ٹائٹس کے تحت,Destruction of Jerusalem 70 C.E. by Rome under Titus, ,text,False,,,,,,,
event_1914,قوموں کے وقت کے اختتام پر (لوقا 21:24)، خدا کی بادشاہی 1914 عیسوی میں آسمان پر حکومت کرنا شروع کر دیتی ہے۔,"End of the time of the nations (Luke 21:24), God’s Kingdom starts to rule in heaven 1914 C.E.",4.6 extends scriptures,text,False,,,,,,,
became_king,عمر میں بادشاہ بن گیا,becomes king at age, ,text,False,,,,,,,
vulgate,ولگیٹ جیروم نے مکمل کیا (بائبل کا لاطینی ترجمہ) سی۔ 405 عیسوی,Vulgate completed by Jerome (Latin translation of the bible) c. 405 C.E., ,text,False,,,,,,,
gutenberg,گٹنبرگ بائبل 1455 میں چھپی,Gutenberg Bible printed 1455, ,text,False,,,,,,,
erasmus,عیسائی یونانی صحیفے کا یونانی متن 1516 کے روٹرڈیم کے ڈیسیڈیریئس ایراسمس کے ذریعہ شائع ہوا,Greek text of Christian Greek Scriptures published by Desiderius Erasmus of Rotterdam 1516, ,text,False,,,,,,,
luther,ستمبر 1522 میں لوتھر بائبل کا ترجمہ,Luther Bible translation in September 1522, ,text,False,,,,,,,
tyndale,ٹنڈیل 1536 کا انگریزی بائبل ترجمہ,English Bible translation by Tyndale 1536, ,text,False,,,,,,,
king_james,کنگ جیمز بائبل 1611,King James Bible 1611, ,text,False,,,,,,,
69weeks3,یسوع 29 عیسوی میں اپنی خدمت شروع کرتا ہے (لوقا 3:1، 21),"Jesus starts his service 29 CE (Luke 3:1, 21)", ,text,False,,,,,,,
ransom,"ہفتے کے وسط میں ""بند ہونے کے لیے قربانی"" ڈینیئل 9:27",Middle of week “sacrifice to cease” Daniel 9:27, ,text,False,,,,,,,
cornelius,کارنیلیس نے 36 عیسوی میں 70 ہفتوں کے آخر میں (دانیال 9:24) بپتسمہ لیا۔,Cornelius baptized at the end of 70 weeks (Daniel 9:24) in 36 C.E., ,text,False,,,,,,,
columbus,امریکہ 1492 میں کولمبیا سے پہلے کے دور کا اختتام,End of the pre-columbian period in the Americas 1492, ,text,False,,,,,,,
declaration_independence,امریکہ میں 13 کالونیوں کی آزادی کا اعلان 1776,Declaration of independence of 13 colonies in America 1776, ,text,False,,,,,,,
tischendorf,ٹیشینڈورف نے 1844 میں چوتھی صدی سے کوڈیکس سینائیٹکس دریافت کیا۔,Tischendorf discovers the Codex Sinaiticus from the 4th century in 1844, ,text,False,,,,,,,
dead_sea_scrolls,بحیرہ مردار کے طومار لکھے گئے۔,Dead Sea Scrolls written, ,text,False,,,,,,,
septuagint,سیپٹوجینٹ LXX ترجمہ,Septuagint LXX translated, ,text,False,,,,,,,
watchtower,زیونز واچ ٹاور اینڈ ہیرالڈ آف کرائسٹ پریزنس کا پہلا شمارہ 1879 میں شائع ہوا,The first issue of “Zion’s Watch Tower and Herald of Christ’s Presence” is published in 1879, ,text,False,,,,,,,
jehovahs_witnesses,بائبل سٹوڈنٹس نے ایک نیا نام اپنایا – یہوواہ کے گواہ (یسعیاہ 43:10، 12) کولمبس، اوہائیو، 1931 میں,"The Bible Students adopt a new name – Jehovah’s Witnesses (Isaiah 43:10, 12) in Columbus, Ohio, 1931",4.6 extends scriptures,text,False,,,,,,,
gilead_school,واچ ٹاور بائبل سکول آف گیلاد پیر، فروری 1، 1943 کو شروع ہوا۔,"Watchtower Bible School of Gilead begins on Monday, February 1, 1943", ,text,False,,,,,,,
new_world_translation1,"18 جون، 1960 کو مانچسٹر، انگلستان میں جاری ہونے والی ""نیو ورلڈ ٹرانسلیشن آف دی ہولی سکرپچرز"" بائبل کے بہت سے حصوں میں یہوواہ نام کو دوبارہ متعارف کراتی ہے۔","“New World Translation of the Holy Scriptures” released in Manchester, England on June 18, 1960, reintroduces the name Jehovah in many parts of the Bible",4.6 extends scriptures,text,False,,,,,,,
new_world_translation2,"نظر ثانی شدہ ""نیو ورلڈ ٹرانسلیشن آف دی ہولی سکرپچرز"" سالانہ میٹنگ 2013 میں جاری کی گئی، جو ڈیجیٹل اور آن لائن استعمال کرنے کے لیے موزوں ہے۔","Revised “New World Translation of the Holy Scriptures” released at annual meeting 2013, optimized to be used digitally and online",4.6 extends scriptures,text,False,,,,,,,
cold_war,"جغرافیائی سیاسی صورتحال جس کا لیبل ""سرد جنگ"" 1945-1991 ہے۔",Geopolitical situation labeled “Cold War” 1945-1991, ,text,False,,,,,,,
timeline_created,"یہ ٹائم لائن 2023 میں بنائی گئی تھی، جو انسانی تاریخ کا گرم ترین سال اور گزشتہ 125,000 سال تھا۔","This timeline is created in 2023, the hottest year in human history and the last 125,000 years", ,text,False,,,,,,,
codex_sinaiticus,کوڈیکس سینائیٹکس لکھا گیا ہے,Codex Sinaiticus written, ,text,False,,,,,,,
codex_vaticanus,کوڈیکس ویٹیکنس لکھا,Codex Vaticanus written, ,text,False,,,,,,,
leningrad_codex,لینن گراڈ کوڈیکس قاہرہ AD 1008 میں لکھا گیا۔,Leningrad Codex written in Cairo AD 1008, ,text,False,,,,,,,
john,"جان پیٹرموس 96-98 عیسوی میں جلاوطنی کے دوران ""مکاشفہ"" لکھتا ہے۔",John writes “revelation” while exiled on Patmos 96-98 C.E., ,text,False,,,,,,,
buddha,مہاتما بدھ – سدھارتھ گوتم 563-483 قبل مسیح,The Buddha – Siddhartha Gautama c.563-c.483 B.C.E, ,text,False,,,,,,,
buddha2,بدھ متبادل طور پر c. 480-400 قبل مسیح,Buddha alternatively c. 480-400 B.C.E., ,text,False,,,,,,,
mohammed,محمد ج. 570-632 عیسوی,Mohammed c. 570-632, ,text,False,,,,,,,
confucius,کنفیوشس 551-479 قبل مسیح,Confucius c.551-c.479 B.C.E., ,text,False,,,,,,,
hijrah,ہجرت - مکہ سے مدینہ کا سفر 16 جولائی 622,Hijrah - Journey Mecca to Medina 16 July 622, ,text,False,,,,,,,
moses_escape,1553 قبل مسیح موسیٰ کو مصر سے فرار ہونا ہے – خروج 2:15، اعمال 7:23,"1553 B.C.E. Moses has to escape Egypt – Exodus 2:15, Acts 7:23", ,text,False,,,,,,,
10plagues,1513 قبل مسیح مصر کو 10 طاعون موصول ہوئیں,1513 B.C.E Egypt receives 10 plagues, ,text,False,,,,,,,
joseph_sold,جوزف کو 17 سال کی عمر میں غلام کے طور پر فروخت کیا گیا - Gen 37:2,Joseph sold as slave at the age of 17 – Gen 37:2, ,text,False,,,,,,,
infliction,400 سال کی سزا (اعمال 7:6) - اسماعیل 1913 قبل مسیح,400 year infliction (Acts 7:6) – Ishmael 1913 B.C.E, ,text,False,,,,,,,
Alexander,سکندر اعظم (دانیال 11:3),Alexander the Great (Daniel 11:3), ,text,False,,,,,,,
persia,سائرس دی گریٹ، کیمبیسز II، ڈیریوس اول 490 قبل مسیح، زرکسیز اول 480 بی سی ای (ایسٹر کا شوہر، ڈینیئل 11:2),"Cyrus the Great, Cambyses II, Darius I 490 BCE, Xerxes I 480 BCE (husband of Esther, Daniel 11:2)", ,text,False,,,,,,,
king_north,"Seleucus I Nicator (v5) شام سے Antiochus III (v10) اور Seleucus IV (v18, 19) نیچے Octavian (v20) اور Tiberius (v21-24)","Seleucus I Nicator (v5) Syria to Antiochus III (v10) and Seleucus IV (v18, 19) down to Octavian (v20) and Tiberius (v21-24)", ,text,False,,,,,,,
king_north1,شمال کا بادشاہ,King of the North, ,text,False,,,,,,,
king_south,"بطلیمی I, II, III, IV (v11, 12), V (v15, 16) سے جنگ Actium 31 B.C.E.","Ptolemy I, II, III, IV (v11, 12), V (v15, 16) to the battle Actium 31 B.C.E.", ,text,False,,,,,,,
king_south1,جنوب کا بادشاہ,King of the South, ,text,False,,,,,,,
king_south2,برطانوی سلطنت 1870، اینگلو امریکن عالمی طاقت 1914 سے,"British Empire 1870, Anglo-American World Power since 1914", ,text,False,,,,,,,
king_south3,جنوب کا بادشاہ,King of the South, ,text,False,,,,,,,
king_north2,شہنشاہ ولیم اول کے ساتھ جرمنی 1871 (وی 28)، 1914 (وی 29)، 1935 (وی 30 بی)، 1939 (وی 31 اے),"Germany with Emperor William I 1871 (v28), 1914 (v29), 1935 (v30b), 1939 (v31a)", ,text,False,,,,,,,
king_north3,شمال,North, ,text,False,,,,,,,
king_north4,سوویت یونین 1945-1991 (ڈینیل 11:32-39، 40b، 41),"Soviet Union 1945-1991 (Daniel 11:32-39, 40b, 41)", ,text,False,,,,,,,
king_north5,روس سے 2017 (w20 مئی),Russia since 2017 (w20 May), ,text,False,,,,,,,
time_of_end,مسیح کی موجودگی، نظامِ الٰہی کا اختتام (متی 24:3)، آخری ایام (2 تیمتھیس 3:1),"Presence of Christ, Conclusion of the system of things (Matthew 24:3), the last days (2 Timothy 3:1)",4.6 extends scriptures,text,False,,,,,,,
time_of_end2,آخری ایام,Last days, ,text,False,,,,,,,
suryavaman2,بادشاہ سوریا ورمن دوم نے انگکور واٹ 1113-1150 تعمیر کیا۔,King Suryavarman II builds Angkor Wat 1113-1150, ,text,False,,,,,,,
notre-dame,نوٹری ڈیم ڈی پیرس نے 1163-1260 میں تعمیر کیا۔,Notre-Dame de Paris built 1163-1260, ,text,False,,,,,,,
babel,بابل کا مینار بنایا گیا۔,Tower of Babel built, ,text,False,,,,,,,
infliction1,400 سال کی سزا,400 year infliction,Acts 7:6,text,False,,,,,,,
Lots_wife,لوط کی بیوی,Lot’s wife, ,text,False,,,,,,,
Lots_daughters,لوط کی بیٹیاں,Daughters of Lot, ,text,False,,,,,,,
Moab,موآب (بڑی بیٹی),Moab (older daughter), ,text,False,,,,,,,
rosetta,روزیٹا پتھر 196 قبل مسیح,Rosetta stone 196 B.C.E., ,text,False,,,,,,,
Herodotus,ہیروڈوٹس سی۔ 484 - ج. 425 قبل مسیح، تاریخ لکھتا ہے۔,"Herodotus c. 484 – c. 425 BC, writes The Histories",Father of History,text,False,,,,,,,
Aristotle,ارسطو 384-322 قبل مسیح,Aristotle 384 – 322 BC,"The First Teacher, The Philosopher",text,False,,,,,,,
Ptolemy,بطلیمی سی 100 – 170 عیسوی,Ptolemy c 100 – c. 170 C.E., ,text,False,,,,,,,
Pythagoras,Pythagoras c. 570 - سی۔ 495 قبل مسیح,Pythagoras c. 570 – c. 495 BC, ,text,False,,,,,,,
Plato,افلاطون ج. 427 - سی۔ 348 قبل مسیح,Plato c. 427 – c. 348 BC, ,text,False,,,,,,,
Socrates,سقراط ج. 470 - سی۔ 399 قبل مسیح,Socrates c. 470 – c. 399 BC, ,text,False,,,,,,,
Josephus,جوزفس سی. 37 - ج. 100 عیسوی,Josephus c. 37 – c. 100 C.E., ,text,False,,,,,,,
Cicero,سیسیرو 106–43 قبل مسیح,Cicero 106–43 BC,"influence on Latin language, 3 Jan 106 BC – 7 Dec 43 BC",text,False,,,,,,,
lachish_letters,لکش حروف ج. 590 قبل مسیح,Lachish letters c. 590 B.C.E., ,text,False,,,,,,,
lachish_reliefs,لچش ریلیفز c. 681 قبل مسیح,Lachish reliefs c. 681 B.C.E., ,text,False,,,,,,,
mesha_stele,میشا سٹیل (موآبی پتھر) ج. 840 قبل مسیح,Mesha Stele (Moabite stone) c. 840 B.C.E., ,text,False,,,,,,,
gilgamesh,Gilgamesh and Aga 𒇽𒆥𒄄𒀀𒀝𒂵,Gilgamesh and Aga 𒇽𒆥𒄄𒀀𒀝𒂵, ,text,False,,,,,,,
epic_gilgamesh,گلگامیش کا مہاکاوی (Sîn-lēqi-unninni),Epic of Gilgamesh (Sîn-lēqi-unninni), ,text,False,,,,,,,
gregorian,گریگورین کیلنڈر 1582,Gregorian calendar 1582, ,text,False,,,,,,,
shang-dynasty,c 1600-1046 قبل مسیح,c. 1600-1046 BC, ,text,False,,,,,,,
western-zhou,c 1046-771 قبل مسیح,c. 1046-771 BC, ,text,False,,,,,,,
qin-dynasty,کن 221-207 قبل مسیح,Qin 221-207 BC, ,text,False,,,,,,,
western-han,207 قبل مسیح - 9 عیسوی,207 BC – 9 CE, ,text,False,,,,,,,
three-kingdoms,تین سلطنتیں 220-280 عیسوی,Three kingdoms 220-280 CE, ,text,False,,,,,,,
sixteen-kingdoms,سولہ سلطنتیں 304-439 عیسوی,Sixteen kingdoms 304-439 CE, ,text,False,,,,,,,
tang-dynasty2,618-690، 705-907,"618-690, 705-907", ,text,False,,,,,,,
wu-zhou,690-705 وو زو,690-705 Wu Zhou, ,text,False,,,,,,,
tang-dynasty1_c,تانگ,Tang, ,text,False,,,,,,,
gonghe,گونگے ریجنسی 841-828 قبل مسیح,Gonghe Regency 841-828 BC, ,text,False,,,,,,,
Ashoka,اشوک (c. 304-232 BC) بدھ مت کو فروغ دیتا ہے۔,Ashoka (c. 304-232 BC) promotes Buddhism, ,text,False,,,,,,,
siloam-tunnel,حزقیاہ نے سلوام سرنگ کو بڑھایا,Hezekiah extends Siloam tunnel,c. 742-732 BC,text,False,,,,,,,
Angloamerica2,ڈینیئل 2:33، 41-43 میں پیشینگوئی میں اینگلو امریکن کو مٹی کے ساتھ ملے ہوئے لوہے کے پاؤں سے نشان زد کیا گیا ہے۔,"Anglo-American is symbolized by the feet of iron mixed with clay in the prophecy in Daniel 2:33, 41-43", ,text,False,,,,,,,
Manetho,منیتھو ایجپٹیاکا لکھتا ہے,Manetho writes Aegyptiaca, ,text,False,,,,,,,
destruction_babylon,عظیم بابل کی تباہی (مکاشفہ 17:3، 15-18؛ 18:9، 10),"Destruction of Babylon the Great (Revelation 17:3, 15-18; 18:9, 10)",beginning of great tribulation (GT),text,False,,,,,,,
gog_of_magog,یاجوج ماجوج کا حملہ (حزقی ایل 38:1، 2، 9-12، 18-23),"Attack of Gog of Magog (Ezekiel 38:1, 2, 9-12, 18-23)",end of GT,text,False,,,,,,,
sheep_goat,بھیڑوں اور بکریوں کو الگ کرتے ہوئے زمین کے باشندوں کا فیصلہ کیا جائے گا (متی 25:31-33),"Earth’s inhabitants are judged, separating sheep and goats (Matthew 25:31-33)",end of GT,text,False,,,,,,,
annointed,بادشاہی حکمرانوں کا اجتماع (متی 24:31؛ 1 کرنتھیوں 15:50-53؛ 1 تھیسالونیکیوں 4:15-17),Gathering of Kingdom rulers (Matthew 24:31; 1 Corinthians 15:50-53; 1 Thessalonians 4:15-17),end of GT,text,False,,,,,,,
armageddon,آرماجیڈون کی جنگ (مکاشفہ 16:14، 16؛ یسعیاہ 13:9؛ 2 پیٹر 3:12),"Battle of Armageddon (Revelation 16:14, 16; Isaiah 13:9; 2 Peter 3:12)",end of system of things,text,False,,,,,,,
millenium,خدا کی بادشاہت اپنے 1000 سالہ دور حکومت کا آغاز کرتی ہے (مکاشفہ 5:9، 10؛ 20:4، 6),"God’s Kingdom begins its 1000-year reign (Revelation 5:9, 10; 20:4, 6)", ,text,False,,,,,,,
great_crowd,ایک بڑی بھیڑ آرماجیڈون سے بچ گئی (مکاشفہ 7:9، 14؛ زبور 37:9-11),"A great crowd survives Armageddon (Revelation 7:9, 14; Psalm 37:9-11)", ,text,False,,,,,,,
world_population,گزشتہ 2000 سالوں میں دنیا کی آبادی اربوں میں,World population in billions in the last 2000 years, ,text,False,,,,,,,
khmer_empire_c,خمیر سلطنت - انگکور دور,Khmer Empire - Angkor period, ,text,False,,,,,,,
holy_roman_empire_c,مقدس رومن سلطنت - 1512 کے بعد جرمن قوم کی مقدس رومن سلطنت,Holy Roman Empire – known as Holy Roman Empire of the German Nation after 1512, ,text,False,,,,,,,
mongol_empire,منگول سلطنت 1206 - 1294 عیسوی,Mongol Empire 1206 – 1294, ,text,False,,,,,,,
maya_classic_c,مایا تہذیب - کلاسک دور,Maya civilization – Classic period, ,text,False,,,,,,,
maya_postclassic_c,مایا تہذیب - پوسٹ کلاسک دور,Maya civilization – Postclassic period, ,text,False,,,,,,,
Teotihuacan,امریکہ کا سب سے بڑا شہر، اہرام کی تعمیر c. 200 عیسوی,"Largest city in the Americas, pyramids build c. 200 C.E.", ,text,False,,,,,,,
Dionysius_Exiguus,Dionysius Exiguus، Anno Domini کا موجد,"Dionysius Exiguus, inventor of Anno Domini", ,text,False,,,,,,,
Umayyad_c,اموی,Umayyad, ,text,False,,,,,,,
ur3,Ur III dynasty 𒋀𒀕𒆠,Ur III Dynasty 𒋀𒀕𒆠, ,text,False,,,,,,,
hammurabi,Hammurabi 𒄩𒄠𒈬𒊏𒁉,Hammurabi 𒄩𒄠𒈬𒊏𒁉, ,text,False,,,,,,,
Al-Khwarizmi,الخوارزمی الجبر (الجبرا) لکھتے ہیں۔,al-Khwarizmi writes Al-Jabr (Algebra), ,text,False,,,,,,,
al-azhar,جامعہ الازہر قاہرہ میں قائم ہے۔,Al-Azhar University is established in Cairo, ,text,False,,,,,,,
Ibn-Sina,ابن سینا یا اویسینا,Ibn Sina or Avicenna, ,text,False,,,,,,,
life-expectancy,زندگی کی توقع 75 سال,Life expectancy 75 years, ,text,False,,,,,,,
430years_c,430 سال: خروج 12:41 ، گلتیوں 3: 17,"430 years: Exodus 12:41, Galatians 3:17",2024-12-24,text,False,,,,,,,
maya_calendar,مایا کیلنڈر کا حساب کتاب 11 اگست ، 3114 B.C.E.,"Calculated beginning of Maya calendar August 11, 3114 B.C.E.",2024-12-25,text,False,,,,,,,
xia-dynasty2,c 2070 - سی. 1600 قبل مسیح ؛ ایرا نے مغربی چاؤ دور کے دوران پہلی بار اشارہ کیا,c. 2070 – c. 1600 BC; Era first alluded during the Western Zhou period,2025-01-02,text,False,,,,,,,
xia-dynasty2_c,چین میں ژیا خاندان,Xia dynasty in China, ,text,False,,,,,,,
tres_zapotes,3 ستمبر ، 32 B.C.E.,"September 3rd, 32 B.C.E.",2024-12-31,text,False,,,,,,,
joseph_jacob_reunited,جوزف اور جیکب نے مصر میں دوبارہ اتحاد کیا - 1728 B.C.E. (جنرل 45:11 ؛ 47: 9),Joseph and Jacob reunited in Egypt – 1728 B.C.E. (Gen 45:11; 47:9),2025-01-01,text,False,,,,,,,
king_south_light_c,ڈینیئل 11 سے جنوب کا بادشاہ,King of the South from Daniel 11,2025-02-05,text,False,,,,,,,
king_north_light_c,ڈینیئل 11 سے شمال کا بادشاہ,King of the North from Daniel 11,2025-02-05,text,False,,,,,,,
daniel2_iron_c,ڈینیئل 2 سے لوہے کی ٹانگیں,Iron legs from Daniel 2,2025-02-05,text,False,,,,,,,
argenteus,کوڈیکس ارجنٹیس سی۔ 505,Codex Argenteus c. 505,written copy of Wulfila Bible,text,False,,,,,,,
nguyen_dynasty_c,nguyễn,Nguyễn,2025-09-20,text,False,,,,,,,
edo_c,جاپان میں ایڈو پیریڈ,Edo period in Japan,Edo period (Tokugawa shogunate),text,False,,,,,,,
meiji_c,میجی,Meiji,2025-09-20,text,False,,,,,,,
american_civil_war,امریکی خانہ جنگی 1861-1865,American Civil War 1861-1865,"April 12, 1861 to May 26, 1865",text,False,,,,,,,
aleppo_codex,حلب کوڈیکس سی۔ 920,Aleppo Codex c. 920,2025-10-03,text,False,,,,,,,
vandals,وینڈلز اور الانز کی بادشاہی 435 - 534,Kingdom of the Vandals and Alans 435 – 534,Vandals 435-534 C.E.,text,False,,,,,,,
francia,c 481/509 - 843 ، میروونگین 751 تک ، پھر کیرولنگین,"c. 481/509 – 843, Merovingian till 751, then Carolingian",Kingdom of the Franks (Regnum Francorum) c. 481/509-843 treaty of Verdun,text,False,,,,,,,
francia_c,فرانک کی بادشاہی,Kingdom of the Franks, ,text,False,,,,,,,
100_years_war,سو سال ’جنگ 1337 - 1453,Hundred Years’ War 1337 – 1453,1337–1453,text,False,,,,,,,
black_death,سیاہ موت 1346-1353,Black death 1346-1353,1346-1353,text,False,,,,,,,
sui_dynasty,581-618 سوئی خاندان,581-618 Sui dynasty,2025-11-09,text,False,,,,,,,
sui_dynasty_c,سوئی,Sui,2025-11-09,text,False,,,,,,,
tribulation,بڑی مصیبت (مرقس 13:19؛ ڈینیل 12:1؛ میٹ 24:21، 22),"The Great Tribulation (Mark 13:19; Daniel 12:1; Matt 24:21, 22)", ,text,False,,,,,,,
Adam,آدم,Adam, ,bible,False,,,,,,,
Seth,سیٹھ,Seth, ,bible,False,,,,,,,
Enosh,انوش,Enosh, ,bible,False,,,,,,,
Kenan,کینان,Kenan (Cainan), ,bible,False,,,,,,,
Mahalalel,مہلالیل,Mahalalel (Mahalaleel), ,bible,False,,,,,,,
Jared,جیرڈ,Jared, ,bible,False,,,,,,,
Enoch,حنوک,Enoch, ,bible,False,,,,,,,
Methuselah,میتھوسیلہ,Methuselah, ,bible,False,,,,,,,
Lamech,لامچ,Lamech, ,bible,False,,,,,,,
Noah,نوح,Noah, ,bible,False,,,,,,,
Shem,شیم,Shem, ,bible,False,,,,,,,
Arpachshad,ارپچشاد,Arpachshad, ,bible,False,,,,,,,
Shelah,شیلہ,Shelah, ,bible,False,,,,,,,
Eber,ایبر,Eber, ,bible,False,,,,,,,
Peleg,پیلگ,Peleg, ,bible,False,,,,,,,
Reu,ریو,Reu, ,bible,False,,,,,,,
Serug,سرگ,Serug, ,bible,False,,,,,,,
Nahor,ناہور,Nahor, ,bible,False,,,,,,,
Terah,تیراہ,Terah, ,bible,False,,,,,,,
Abraham,ابراہیم,Abraham, ,bible,False,,,,,,,
Isaac,اسحاق,Isaac, ,bible,False,,,,,,,
Jacob,جیکب,Jacob, ,bible,False,,,,,,,
Joseph,جوزف,Joseph, ,bible,False,,,,,,,
Moses,موسیٰ,Moses, ,bible,False,,,,,,,
Othniel,اوتھنیل,Othniel, ,bible,False,,,,,,,
Ehud,اُحد,Ehud, ,bible,False,,,,,,,
Shamgar,شمگار,Shamgar, ,bible,False,,,,,,,
Barak,برق,"Barak, Deborah, Jael", ,bible,False,,,,,,,
Gideon,جدون,Gideon, ,bible,False,,,,,,,
Tola,تولہ,Tola, ,bible,False,,,,,,,
Jair,جیر,Jair, ,bible,False,,,,,,,
Jephthah,افتاح,Jephthah, ,bible,False,,,,,,,
Ibzan,ابزان,Ibzan, ,bible,False,,,,,,,
Elon,ایلون,Elon, ,bible,False,,,,,,,
Abdon,عبدون,Abdon, ,bible,False,,,,,,,
Samson,سیمسن,Samson, ,bible,False,,,,,,,
Samuel,سموئیل,Samuel, ,bible,False,,,,,,,
Saul,ساؤل,Saul, ,bible,False,,,,,,,
David,ڈیوڈ,David, ,bible,False,,,,,,,
Solomon,سلیمان,Solomon, ,bible,False,,,,,,,
Malachi,ملاکی,Malachi, ,bible,False,,,,,,,
Ruth,روتھ,Ruth, ,bible,False,,,,,,,
Ezra,عذرا,Ezra, ,bible,False,,,,,,,
Nehemiah,نحمیاہ,Nehemiah, ,bible,False,,,,,,,
Esther,ایسٹر,Esther, ,bible,False,,,,,,,
Job,جاب,Job, ,bible,False,,,,,,,
moses3,موسیٰ,Moses, ,bible,False,,,,,,,
joshua2,جوشوا,Joshua, ,bible,False,,,,,,,
caleb2,کالیب,Caleb, ,bible,False,,,,,,,
Augustus,آگسٹس,Augustus, ,bible,False,,,,,,,
Tiberius,ٹائبیریئس,Tiberius, ,bible,False,,,,,,,
Claudius,کلاڈیوس,Claudius, ,bible,False,,,,,,,
persia2,فارس,Persia, ,bible,False,,,,,,,
jehoiada,یہوئیدا,Jehoiada, ,bible,False,,,,,,,
Haggai,ہاگئی,Haggai, ,bible,False,,,,,,,
Zerubbabel,زربابل (لوقا 3:27),Zerubbabel (Luke 3:27), ,bible,False,,,,,,,
Jacob2,جیکب/,Jacob/,Jacob/Israel 1858-1711 – 147 years,bible,False,,,,,,,
Israel,اسرا ییل,Israel, ,bible,False,,,,,,,
Sarah,سارہ,Sarah,2008-1881 BCE – 127 years,bible,False,,,,,,,
Hagar,ہاجرہ,Hagar,Genesis 21:14,bible,False,,,,,,,
Haran,حران,Haran,Genesis 11:26,bible,False,,,,,,,
Reumah,ریومہ,Reumah,Concubine – 4 sons,bible,False,,,,,,,
Milcah,ملکہ,Milcah,8 sons (Bethuel and 7 more),bible,False,,,,,,,
Lot,لاٹ,Lot, ,bible,False,,,,,,,
Ammon,بن امّی (امون),Ben-ammi (Ammon), ,bible,False,,,,,,,
Bethuel,بیتوئیل,Bethuel, ,bible,False,,,,,,,
Rebekah,ریبقہ,Rebekah, ,bible,False,,,,,,,
Laban,لابن,Laban, ,bible,False,,,,,,,
Leah,لیہ,Leah,Genesis 35:23,bible,False,,,,,,,
Rachel,راحیل,Rachel,Genesis 35:24,bible,False,,,,,,,
Bilhah,بلحہ,Bilhah,Genesis 35:25,bible,False,,,,,,,
Zilpah,زلفہ,Zilpah,Genesis 35:26,bible,False,,,,,,,
Reuben,روبین,Reuben, ,bible,False,,,,,,,
Simeon,شمعون,Simeon, ,bible,False,,,,,,,
Levi,لیوی,Levi, ,bible,False,,,,,,,
Judah,یہوداہ,Judah, ,bible,False,,,,,,,
Issachar,اساچار,Issachar, ,bible,False,,,,,,,
Zebulun,زبولون,Zebulun, ,bible,False,,,,,,,
Dinah,دینہ,Dinah,Genesis 34,bible,False,,,,,,,
Esau,عیسو/,Esau/, ,bible,False,,,,,,,
Edom,ادوم,Edom,Genesis 36:1,bible,False,,,,,,,
Ishmael,اسماعیل,Ishmael, ,bible,False,,,,,,,
Manasseh2,(منسی,(Manasseh, ,bible,False,,,,,,,
Ephraim,اور افرائیم),and Ephraim), ,bible,False,,,,,,,
Benjamin,بنیامین,Benjamin, ,bible,False,,,,,,,
Dan,ڈین,Dan, ,bible,False,,,,,,,
Naphtali,نفتالی,Naphtali, ,bible,False,,,,,,,
Gad,گاڈ,Gad, ,bible,False,,,,,,,
Asher,عاشر,Asher, ,bible,False,,,,,,,
Milcah1,Uz، Buz، Kemuel،,"Uz, Buz, Kemuel,",Genesis 22:21,bible,False,,,,,,,
Milcah2,چیسڈ، ہازو،,"Chesed, Hazo,", ,bible,False,,,,,,,
Milcah3,پلداش، جدلاف,"Pildash, Jidlaph", ,bible,False,,,,,,,
Tebah,طیبہ,Tebah,Genesis 22:23,bible,False,,,,,,,
Gaham,گہم,Gaham, ,bible,False,,,,,,,
Tahash,طہاش,Tahash, ,bible,False,,,,,,,
Maacah,ماکہ,Maacah, ,bible,False,,,,,,,
Mahalath,مہالتھ/,Mahalath/,"Genesis 28:8, 9",bible,False,,,,,,,
Basemath,بیسمتھ,Basemath,"Genesis36:3, 4",bible,False,,,,,,,
Reuel,ریوئل,Reuel,"36:13, 17",bible,False,,,,,,,
Nahath,نہات,Nahath, ,bible,False,,,,,,,
Zerah,زیرہ,Zerah, ,bible,False,,,,,,,
Schammah,شمامہ,Schammah, ,bible,False,,,,,,,
Mizzah,مزاہ,Mizzah, ,bible,False,,,,,,,
Adah,اداہ,Adah,"36:11, 12, 15, 16",bible,False,,,,,,,
Eliphaz,الیفاز,Eliphaz, ,bible,False,,,,,,,
Teman,تیمان,Teman, ,bible,False,,,,,,,
Omar,عمر,Omar, ,bible,False,,,,,,,
Zepho,زیفو,Zepho, ,bible,False,,,,,,,
Kenaz,کنیز,Kenaz, ,bible,False,,,,,,,
Korah,کورہ,Korah, ,bible,False,,,,,,,
Korah_Gatam,کورہ ، گاتم,"Korah, Gatam","Genesis 36:11, 16",bible,False,,,,,,,
Amalek,عمالیق,Amalek, ,bible,False,,,,,,,
Oholibamah,اوہولیبامہ,Oholibamah,"36:14, 18",bible,False,,,,,,,
Jeush,جیوش,Jeush, ,bible,False,,,,,,,
Jalam,جالم,Jalam, ,bible,False,,,,,,,
Nebaioth,نیبوتھ,Nebaioth,Genesis 25:13,bible,False,,,,,,,
Kedar,کیدار,Kedar, ,bible,False,,,,,,,
Mishma,مشمہ,Mishma, ,bible,False,,,,,,,
Adbeel_Mibsam,اڈبل ، Mibsam,"Adbeel, Mibsam",Genesis 25:13,bible,False,,,,,,,
Dumah_Massa,دوماہ ، ماسا,"Dumah, Massa",Genesis 25:14,bible,False,,,,,,,
Hadad,حداد,Hadad, ,bible,False,,,,,,,
Tema,تیما,Tema, ,bible,False,,,,,,,
Jetur,جیٹور,Jetur, ,bible,False,,,,,,,
Naphish,نافش,Naphish, ,bible,False,,,,,,,
Kedemah,کیڈیمہ,Kedemah, ,bible,False,,,,,,,
Keturah,کیتورہ,Keturah,Genesis 25:1,bible,False,,,,,,,
Zimran,زیمران,Zimran,Genesis 25:1,bible,False,,,,,,,
Jokshan,جوکشن,Jokshan,Genesis 25:1,bible,False,,,,,,,
Medan,میڈان,Medan,Genesis 25:1,bible,False,,,,,,,
Midian,مڈیان,Midian,Genesis 25:1,bible,False,,,,,,,
Ishbak,ایشبک,Ishbak,Genesis 25:1,bible,False,,,,,,,
Shuah,شوح,Shuah,Genesis 25:1,bible,False,,,,,,,
Timna,ٹمنا,Timna,"Genesis 36:12, 1 Chr 1:36",bible,False,,,,,,,
life-expectancy2,(زبور 90:10),(Psalm 90:10),2024-11-29,bible,False,,,,,,,
Ham,ہام,Ham,Gen 10:1,bible,False,,,,,,,
Canaan,کنعان,Canaan,Gen 10:6,bible,False,,,,,,,
Sidon,سیڈن,Sidon,Gen 10:15,bible,False,,,,,,,
Heth,Heth,Heth,Gen 10:15,bible,False,,,,,,,
Jebusite,جیبسائٹ,Jebusite,Gen 10:16,bible,False,,,,,,,
Amorite,امورائٹ,Amorite,Gen 10:16,bible,False,,,,,,,
Girgashite,گرگشائٹ,Girgashite,Gen 10:16,bible,False,,,,,,,
Hivite,Hivite,Hivite,Gen 10:17,bible,False,,,,,,,
Arkite,آرکائٹ,Arkite,Gen 10:17,bible,False,,,,,,,
Sinite,سینائٹ,Sinite,Gen 10:17,bible,False,,,,,,,
Arvadite,اروڈائٹ,Arvadite,Gen 10:18,bible,False,,,,,,,
Zemarite,زیمرائٹ,Zemarite,Gen 10:18,bible,False,,,,,,,
Hamathite,حماتھائٹ,Hamathite,Gen 10:18,bible,False,,,,,,,
Cush,کش,Cush,Gen 10:6,bible,False,,,,,,,
Nimrod,نمروڈ,Nimrod,Gen 10:8,bible,False,,,,,,,
Mizraim,میزریم,Mizraim,Gen 10:14,bible,False,,,,,,,
Casluh,کاسلوہ,Casluh,1 Chronicles 1:12 (Philistines),bible,False,,,,,,,
Japheth,جیفیتھ,Japheth,Gen 10:1,bible,False,,,,,,,
Asshur,Asshur,Asshur,Gen 10:22,bible,False,,,,,,,
Lud,LUD,Lud,Gen 10:22,bible,False,,,,,,,
Aram,ارم,Aram,Gen 10:22,bible,False,,,,,,,
Elam,ایلم,Elam,Gen 10:22,bible,False,,,,,,,
Joktan,جوکٹن,Joktan,Gen 10:26,bible,False,,,,,,,
Almodad,الموداد,Almodad,Gen 10:26,bible,False,,,,,,,
Sheleph,شیلف,Sheleph,Gen 10:26,bible,False,,,,,,,
Hazarmareth,ہزرماریتھ,Hazarmareth,Gen 10:26,bible,False,,,,,,,
Jerah,جیرہ,Jerah,Gen 10:26,bible,False,,,,,,,
Hadoram,ہڈورام,Hadoram,Gen 10:27,bible,False,,,,,,,
Uzal,ازال,Uzal,Gen 10:27,bible,False,,,,,,,
Diklah_Obal,ڈیکلہ ، اوبل,"Diklah, Obal",Gen 10:27,bible,False,,,,,,,
Abimael,ابیمیل,Abimael,Gen 10:28,bible,False,,,,,,,
Sheba_Ophir,شیبہ ، اوفر,"Sheba, Ophir","Gen 10:28, 29",bible,False,,,,,,,
Havilah,حولہ,Havilah,Gen 10:29,bible,False,,,,,,,
Jobab,جاباب,Jobab,Gen 10:29,bible,False,,,,,,,
Ham_fn,1) مصری: زبور 105: 23,1) Egyptians: Psalms 105:23,2025-09-22,bible,False,,,,,,,
Canaan_fn,2) کنعانیوں: جوشوا 13: 3,2) Canaanites: Joshua 13:3,2025-09-22,bible,False,,,,,,,
Aram_fn,3) ارمینز: ہوسیہ 12:12,3) Arameans: Hosea 12:12,2025-09-22,bible,False,,,,,,,
Elam_fn,4) ایلامائٹس: عذرا 4: 9,4) Elamites: Ezra 4:9,2025-09-22,bible,False,,,,,,,
Asshur_fn,5) اسوریوں: حزقی ایل 27:23,5) Assyrians: Ezekiel 27:23,2025-09-22,bible,False,,,,,,,
Casluh_fn,6) فلسٹائنز: 1 تاریخ 1: 12,6) Philistines: 1 Chronicles 1:12,2025-09-22,bible,False,,,,,,,
Cush_fn,7) ایتھوپیا [کشائٹ]: 2 کنگز 19: 9,7) Ethiopian [Cushite]: 2 Kings 19:9,2025-09-22,bible,False,,,,,,,
Edom_fn,8) ایڈومائٹس: نمبر 20: 14-17,8) Edomites: Numbers 20:14-17,2025-09-22,bible,False,,,,,,,
Moab_fn,9) موآبائٹس: استثنا 23: 3 ، 4,"9) Moabites: Deuteronomy 23:3, 4",2025-09-22,bible,False,,,,,,,
Ammon_fn,10) امونائٹس: جوشوا 12: 2,10) Ammonites: Joshua 12:2,2025-09-22,bible,False,,,,,,,
Midian_fn,11) مڈیانیٹس: نمبر 31: 2 ، 3,"11) Midianites: Numbers 31:2, 3",2025-09-22,bible,False,,,,,,,
Amalek_fn,12) امالائکائٹس: 1 سموئیل 15: 2,12) Amalekites: 1 Samuel 15:2,2025-09-22,bible,False,,,,,,,
Teman_fn,13) تیمانیٹس: نوکری 42: 7,13) Temanites: Job 42:7,2025-09-22,bible,False,,,,,,,
Sidon_fn,14) سڈونیوں: زکریا 9: 2,14) Sidonians: Zechariah 9:2,2025-09-22,bible,False,,,,,,,
Heth_fn,15) ہیٹائٹس: پیدائش 15:20,15) Hittites: Genesis 15:20,2025-09-22,bible,False,,,,,,,
Jebusite_fn,16) جیبسائٹس: جوشوا 15:63,16) Jebusites: Joshua 15:63,2025-09-22,bible,False,,,,,,,
Judith,جوڈتھ؟,Judith?,"Genesis 26:34, 35",bible,False,,,,,,,
Lud_fn,17) لیڈینز: 1 تاریخ 1:17,17) Lydians: 1 Chronicles 1:17,"Jewish Antiquities, I, 143, 144 [vi, 4]",bible,False,,,,,,,
Ishmael_fn,18) اسماعیلائٹس: پیدائش 37:27,18) Ishmaelites: Genesis 37:27,2025-09-22,bible,False,,,,,,,
Amorite_fn,19) امورائٹس: ججز 6: 10,19) Amorites: Judges 6:10,2025-09-22,bible,False,,,,,,,
Hivite_fn,20) HIVITES [Gibeon]: جوشوا 9: 3 ، 7,"20) Hivites [Gibeon]: Joshua 9:3, 7",Gibeonites,bible,False,,,,,,,
Cain,کین,Cain,"Genesis 4:1, son Enoch same name as other",bible,False,,,,,,,
Abel,ہابیل,Abel,Genesis 4:2,bible,False,,,,,,,
Irad,آئرڈ,Irad,Genesis 4:18,bible,False,,,,,,,
Mehujael,میہوجیل,Mehujael,Genesis 4:18,bible,False,,,,,,,
Methushael,میتھوشیل,Methushael,"Genesis 4:18, son Lamech same as other",bible,False,,,,,,,
Jabal,جبل,Jabal,"Genesis 4:20 living in tents, have livestock",bible,False,,,,,,,
Jubal,جوبل,Jubal,Genesis 4:21 play harp and pipe,bible,False,,,,,,,
Zillah,زللہ,Zillah,"Genesis 4:19, Adah is also a wife of Esau",bible,False,,,,,,,
Tubal-cain,ٹیوبل کین,Tubal-cain,Genesis 4:22 tool of copper and iron,bible,False,,,,,,,
Naamah,نامہ,Naamah,Genesis 4:22 his sister,bible,False,,,,,,,
Rehoboam,رحبعام,Rehoboam,erster König des südlichen Zweistämmereiches,A6-A,False,,,,,,,
Abijah,ابیہہ (ابیجام),Abijah (Abijam),"3 years, also Abijam",A6-A,False,,,,,,,
Asa,کی طرح,Asa, ,A6-A,False,,,,,,,
Jehoshaphat,یہوسفط,Jehoshaphat,bce_float = -y+1 - (12-m)/12 – (31-d)/360,A6-A,False,,,,,,,
Jehoram2,یہورام,Jehoram, ,A6-A,False,,,,,,,
Ahaziah,اخزیاہ,Ahaziah, ,A6-A,False,,,,,,,
Athaliah,ملکہ اتھلیاہ,Queen Athaliah,Queen Athaliah,A6-A,False,,,,,,,
Jehoash,یہواش,Jehoash, ,A6-A,False,,,,,,,
Amaziah,امازیہ,Amaziah, ,A6-A,False,,,,,,,
Uzziah,عزیہ (عزیریہ),Uzziah (Azariah),also Azariah,A6-A,False,,,,,,,
Jeroboam,یروبعام,Jeroboam,first king of northern 10-tribe kingdom,A6-A,False,,,,,,,
Nadab,نداب,Nadab,less than 2,A6-A,False,,,,,,,
Baasha,باشا,Baasha, ,A6-A,False,,,,,,,
Elah,الٰہ,Elah, ,A6-A,False,,,,,,,
Zimri,زمری,Zimri,Only 7 days in ca. 751 BCE,A6-A,False,,,,,,,
OmriTibni,عمری اور تبنی ایک ساتھ,Omri and Tibni together,4 years Omri and Tibni,A6-A,False,,,,,,,
Omri,عمری (تنہا),Omri (alone),from 947 Omri alone,A6-A,False,,,,,,,
Ahab,احاب,Ahab, ,A6-A,False,,,,,,,
Jehoram,یہورام,Jehoram, ,A6-A,False,,,,,,,
Jehu,یاہو,Jehu, ,A6-A,False,,,,,,,
Jeoahaz,جیوآہاز,Jeoahaz, ,A6-A,False,,,,,,,
JeoahazJehoash,جیوآحز اور یوآس,Jeoahaz and Jehoash,For 3 years Jeoahaz and Jeoash reigned together,A6-A,False,,,,,,,
Jehoash2,یہواش (تنہا),Jehoash (alone),Jehoash (alone),A6-A,False,,,,,,,
Jeroboam2,یروبعام II,Jeroboam II, ,A6-A,False,,,,,,,
Elijah,ایلیاہ,Elijah, ,A6-A,False,,,,,,,
Elisha,الیشا,Elisha, ,A6-A,False,,,,,,,
Jonah,یونس,Jonah, ,A6-A,False,,,,,,,
Amos,آموس,Amos, ,A6-A,False,,,,,,,
Joel,جوئل,Joel, ,A6-A,False,,,,,,,
Jotham,جوتھم,Jotham, ,A6-B,False,,,,,,,
Ahaz,آہز,Ahaz, ,A6-B,False,,,,,,,
Hezekiah,حزقیاہ,Hezekiah, ,A6-B,False,,,,,,,
Manasseh,منشی,Manasseh, ,A6-B,False,,,,,,,
Amon,امون,Amon, ,A6-B,False,,,,,,,
Josiah,یوسیاہ,Josiah, ,A6-B,False,,,,,,,
Jehoahaz,یہوہاز,Jehoahaz,Only 3 months,A6-B,False,,,,,,,
Jehoiakim,یہویاکیم,Jehoiakim, ,A6-B,False,,,,,,,
Jehoiachin,یہویاچین,Jehoiachin,Only 3 months 10 days,A6-B,False,,,,,,,
Zedekiah,صدقیہ,Zedekiah,Zedekiah,A6-B,False,,,,,,,
Zechariah,زکریا,Zechariah,"reign only recorded 6 months, probably only established 792 BCE",A6-B,False,,,,,,,
Schallum,شالم,Schallum,only one month,A6-B,False,,,,,,,
Menahem,مینہیم,Menahem, ,A6-B,False,,,,,,,
Pekahiah,پیکاہیا,Pekahiah, ,A6-B,False,,,,,,,
Pekah,پیکاہ,Pekah, ,A6-B,False,,,,,,,
Hoshea,ہوشیا۔,Hoshea,9 years from c. 748,A6-B,False,,,,,,,
Hosea,ہوسیا۔,Hosea, ,A6-B,False,,,,,,,
Isaiah,یسعیاہ,Isaiah, ,A6-B,False,,,,,,,
Micah,میکاہ,Micah,prophet,A6-B,False,,,,,,,
Zephaniah,صفنیاہ,Zephaniah, ,A6-B,False,,,,,,,
Nahum,نہم,Nahum, ,A6-B,False,,,,,,,
Jeremiah,یرمیاہ,Jeremiah, ,A6-B,False,,,,,,,
Habakuk,حبقوک,Habakuk, ,A6-B,False,,,,,,,
Daniel,دانیال,Daniel, ,A6-B,False,,,,,,,
Ezekiel,حزقیل,Ezekiel, ,A6-B,False,,,,,,,
Obadiah,عبادیہ,Obadiah, ,A6-B,False,,,,,,,
Babylon,دانی ایل 2:32، 36-38؛ 7:4,"Daniel 2:32, 36-38; 7:4", ,B9,False,,,,,,,
Medopersia,دانی ایل 2:32، 39؛ 7:5,"Daniel 2:32, 39; 7:5", ,B9,False,,,,,,,
Greece,دانی ایل 2:32، 39؛ 7:6,"Daniel 2:32, 39; 7:6", ,B9,False,,,,,,,
Rome,دانی ایل 2:33، 40؛ 7:7,"Daniel 2:33, 40; 7:7", ,B9,False,,,,,,,
Angloamerica,دانی ایل 2:33، 41-43,"Daniel 2:33, 41-43", ,B9,False,,,,,,,
Babylon_c,بابل,Babylon, ,B9,False,,,,,,,
Medopersia_c,میڈو فارس,Medo-Persia, ,B9,False,,,,,,,
Greece_c,یونان,Greece, ,B9,False,,,,,,,
Rome_c,روم,Rome, ,B9,False,,,,,,,
Angloamerica_c,اینگلو امریکہ,Anglo-America, ,B9,False,,,,,,,
daniel2_1,بادشاہ نبوکدنضر,King Nebuchadnezzar,607 BCE,B9,False,,,,,,,
daniel2_2,یروشلم کو تباہ کرتا ہے۔,destroys Jerusalem, ,B9,False,,,,,,,
daniel2_3,بابل کو فتح کرتا ہے۔,Conquers Babylon,539 BCE,B9,False,,,,,,,
daniel2_4,سائرس کے فرمان واپس آتے ہیں۔,Cyrus decrees return,537 BCE,B9,False,,,,,,,
daniel2_5,یروشلم میں یہودیوں کا,of Jews to Jerusalem, ,B9,False,,,,,,,
daniel2_6,سکندر اعظم,Alexander the Great,331 BCE,B9,False,,,,,,,
daniel2_7,فارس کو فتح کرتا ہے۔,conquers Persia, ,B9,False,,,,,,,
daniel2_8,اسرائیل پر حکمرانی,Rules over Israel,63 BCE,B9,False,,,,,,,
daniel2_9,یروشلم کو تباہ کرتا ہے۔,Destroys Jerusalem,70 CE,B9,False,,,,,,,
daniel2_10,پہلی جنگ عظیم کے دوران،,"During World War I,",1914-1918 CE,B9,False,,,,,,,
daniel2_11,اینگلو امریکن ورلڈ پاور,Anglo-American World Power, ,B9,False,,,,,,,
daniel2_12,وجود میں آتا ہے,comes into being,End 4.2,B9,False,,,,,,,
607BCE,607 قبل مسیح,607 B.C.E.,accommodate for language,B9,False,,,,,,,
539BCE,539 قبل مسیح,539 B.C.E.,systems in style:,B9,False,,,,,,,
537BCE,537 قبل مسیح,537 B.C.E.,>>year 537 before time<<,B9,False,,,,,,,
331BCE,331 قبل مسیح,331 B.C.E.,so they need a word,B9,False,,,,,,,
63BCE,63 قبل مسیح,63 B.C.E.,prior to the year,B9,False,,,,,,,
70CE,70 عیسوی,70 C.E.,and something,B9,False,,,,,,,
1914CE,1914-1918 عیسوی,1914-1918 C.E.,after the year,B9,False,,,,,,,
7times,مکاشفہ 12:9,Revelation 12:9, ,scripture,False,,,,,,,
infliction2,اعمال 7:6,Acts 7:6, ,scripture,False,,,,,,,
eastern-zhou,770-256 قبل مسیح,770-256 BC, ,span_bc,False,,,,,,,
430years,1943 - 1513 B.C.E.,1943 – 1513 B.C.E., ,span_bce,False,,,,,,,
eastern-han,25-220 عیسوی,25-220 CE, ,span_ce,False,,,,,,,
northern-dynasties,368-581 عیسوی,368-581 CE, ,span_ce,False,,,,,,,
southern-dynasties,420-589 عیسوی,420-589 CE, ,span_ce,False,,,,,,,
khmer_empire,804 – 1431,804 – 1431, ,timespan,True,,,,,,,
byzantine_empire,330 – 1453,330 – 1453, ,timespan,True,,,,,,,
ottoman_empire,1299 – 1922,1299 – 1922, ,timespan,True,,,,,,,
holy_roman_empire,800 – 924,800 – 924, ,timespan,True,,,,,,,
holy_roman_empire2,962 – 1806,962 – 1806, ,timespan,True,,,,,,,
inca_empire,1438 – 1533,1438 – 1533, ,timespan,True,,,,,,,
gupta_empire,319 – 550,319 – 550, ,timespan,True,,,,,,,
Umayyad,661 – 750,661 – 750, ,timespan,True,,,,,,,
Abbasid,750 – 1258,750 – 1258, ,timespan,True,,,,,,,
Mamluk,1250 – 1517,1250 – 1517, ,timespan,True,,,,,,,
seljuk_empire,1037 – 1194,1037 – 1194,"Seljuk Empire 1037-1194, part of Seljuk dynasty 1037-1308",timespan,True,,,,,,,
lombard,568 – 774,568 – 774,Kingdom of the Lombards 568-774,timespan,True,,,,,,,
qing-dynasty,1636-1912,1636-1912, ,timespan,True,,,,,,,
ming-dynasty,1368-1644,1368-1644, ,timespan,True,,,,,,,
yuan-dynasty,1271-1368,1271-1368, ,timespan,True,,,,,,,
southern-song,1127-1279,1127-1279, ,timespan,True,,,,,,,
northern-song,960-1127,960-1127, ,timespan,True,,,,,,,
western-xia,1038-1227,1038-1227, ,timespan,True,,,,,,,
maya_classic,250–950,250–950, ,timespan,True,,,,,,,
maya_postclassic,950-1539,950-1539, ,timespan,True,,,,,,,
tran_dynasty,1225–1400,1225–1400, ,timespan,True,,,,,,,
le_dynasty,1428–1527,1428–1527,triều Lê sơ or Vietnamese: nhà Lê sơ,timespan,True,,,,,,,
revival_le_dynasty,1533-1789,1533-1789, ,timespan,True,,,,,,,
nguyen_dynasty,1802 – 1883,1802 – 1883, ,timespan,True,,,,,,,
edo,1603 – 1868,1603 – 1868, ,timespan,True,,,,,,,
meiji,1868 – 1912,1868 – 1912, ,timespan,True,,,,,,,
Julius,جولیس,Julius, ,wiki,False,,,,,,,
Caligula,کیلیگولا,Caligula, ,wiki,False,,,,,,,
Nero,نیرو,Nero, ,wiki,False,,,,,,,
Galba-Otho-Vitellius,گالبا، اوتھو اور وٹیلیئس (چار شہنشاہوں کا سال),"Galba, Otho and Vitellius (Year of the Four Emperors)", ,wiki,False,,,,,,,
Vespasian,ویسپاسین,Vespasian, ,wiki,False,,,,,,,
covid19,کووڈ-19,Covid-19, ,wiki,False,,,,,,,
nicaea1,نیکیہ کی پہلی کونسل,First Council of Nicaea, ,wiki,False,,,,,,,
oxyrhynchus,Oxyrhynchus Papyri,Oxyrhynchus Papyri, ,wiki,False,,,,,,,
p52,پیپائرس پی 52,Papyrus P52, ,wiki,False,,,,,,,
qing-dynasty_c,قنگ خاندان,Qing dynasty,1636-1912,wiki,False,,,,,,,
ming-dynasty_c,شاہی چین میں منگ خاندان,Ming dynasty in imperial China,1368-1644,wiki,False,,,,,,,
yuan-dynasty_c,یوآن,Yuan,1271-1368,wiki,False,,,,,,,
southern-song_c,جنوبی گانا,Southern Song,1127-1279,wiki,False,,,,,,,
northern-song_c,شمالی گانا,Northern Song,960-1127,wiki,False,,,,,,,
western-xia_c,مغربی زیا,Western Xia,1038-1227,wiki,False,,,,,,,
Copernicus,نکولس کوپرنیکس,Nicolaus Copernicus, ,wiki,False,,,,,,,
Galileo,گیلیلیو گیلیلی,Galileo Galilei,Galileo di Vincenzo Bonaiuti de' Galilei,wiki,False,,,,,,,
Newton,آئزک نیوٹن,Isaac Newton, ,wiki,False,,,,,,,
shang-dynasty_c,شانگ خاندان,Shang dynasty,c. 1600-1046 BC,wiki,False,,,,,,,
western-zhou_c,مغربی چاؤ,Western Zhou,c. 1046-771 BC,wiki,False,,,,,,,
eastern-zhou_c,مشرقی چاؤ,Eastern Zhou,770-256 BC,wiki,False,,,,,,,
western-han_c,مغربی ہان,Western Han,207 BC – 9 CE,wiki,False,,,,,,,
eastern-han_c,مشرقی ہان,Eastern Han,25-220 CE,wiki,False,,,,,,,
three-kingdoms_c,چین,China,Three kingdoms 220-280 CE,wiki,False,,,,,,,
sixteen-kingdoms_c,چین,China,Sixteen kingdoms 304-439 CE,wiki,False,,,,,,,
northern-dynasties_c,شمالی خاندان,Northern dynasties,368-581 CE,wiki,False,,,,,,,
southern-dynasties_c,جنوبی خاندان,Southern dynasties,420-589 CE,wiki,False,,,,,,,
tang-dynasty2_c,تانگ خاندان,Tang dynasty,"618-690, 705-907",wiki,False,,,,,,,
byzantine_empire_c,بازنطینی سلطنت,Byzantine Empire, ,wiki,False,,,,,,,
ottoman_empire_c,سلطنت عثمانیہ,Ottoman Empire, ,wiki,False,,,,,,,
Genghis,چنگیز خان,Genghis Khan, ,wiki,False,,,,,,,
inca_empire_c,انکا سلطنت,Inca empire, ,wiki,False,,,,,,,
gupta_empire_c,گپتا سلطنت,Gupta Empire, ,wiki,False,,,,,,,
Teotihuacan_c,Teotihuacan,Teotihuacan, ,wiki,False,,,,,,,
Abbasid_c,عباسی خلافت,Abbasid Caliphate, ,wiki,False,,,,,,,
Mamluk_c,مملوک سلطنت,Mamluk Sultanate, ,wiki,False,,,,,,,
Al-Ghazali,الغزالی,Al-Ghazali, ,wiki,False,,,,,,,
wulfila,ولفلا بائبل,Wulfila Bible,2025-09-20,wiki,False,,,,,,,
tran_dynasty_c,ٹرن خاندان,Trần dynasty, ,wiki,False,,,,,,,
le_dynasty_c,Lê خاندان,Lê dynasty, ,wiki,False,,,,,,,
revival_le_dynasty_c,trịnh لارڈز اور nguyễn لارڈز,Trịnh lords and Nguyễn lords,"Nhà Lê trung hưng, Revival Lê dynasty",wiki,False,,,,,,,
seljuk_empire_c,سلجوک سلطنت,Seljuk empire, ,wiki,False,,,,,,,
vandals_c,وانڈلز,Vandals, ,wiki,False,,,,,,,
lombard_c,لومبارڈ کنگڈم,Lombard Kingdom,2025-10-13,wiki,False,,,,,,,
people,لوگ,people,"people, persons",deprecated,False,,,,,,,
judges,ججز,judges, ,deprecated,False,,,,,,,
prophets,انبیاء,prophets, ,deprecated,False,,,,,,,
kings,بادشاہ,kings, ,deprecated,False,,,,,,,
periods,ادوار,periods, ,deprecated,False,,,,,,,
events,تقریبات,events, ,deprecated,False,,,,,,,
objects,اشیاء یا اشیاء,objects or items,things or items,deprecated,False,,,,,,,
event_destruction_samaria2,740 قبل مسیح اسوری کی طرف سے,740 B.C.E. by Assyria,was shortened here for 2 lines,deprecated,False,,,,,,,
photodrama,فوٹو ڈرامہ آف کریشن پہلی بار نیویارک میں 11 جنوری 1914 کو دکھایا گیا تھا۔,"The “Photo-Drama of Creation” is first shown in New York on January 11, 1914", ,deprecated,False,,,,,,,
truth_book,"کتاب ""سچائی جو ابدی زندگی کی طرف لے جاتی ہے"" 1968 میں شائع ہوئی۔",The book “The Truth That Leads to Eternal Life” is released 1968, ,deprecated,False,,,,,,,
jw_broadcasting,اکتوبر 2014 میں جے ڈبلیو کی نشریات کا آغاز,Start of JW Broadcasting® in October 2014, ,deprecated,False,,,,,,,
meeting_workbook,"جنوری 2016 سے شروع ہونے والی ""میٹنگ ورک بک"" کے ساتھ مڈ ویک میٹنگ کا نیا فارمیٹ",New format of midweek meeting with “Meeting Workbook” starting January 2016, ,deprecated,False,,,,,,,
terahfam,تیراہ کے خاندان کے افراد,Members of Terah’s family, ,deprecated,False,,,,,,,
metropolitan,2011 میں میٹروپولیٹن گواہی کا آغاز,Start of metropolitan witnessing in 2011, ,deprecated,False,,,,,,,
jw_org,دسمبر 2012 میں بادشاہی وزارت میں ہدایات کے ساتھ JW.ORG کا آغاز,Start of JW.ORG with instructions in Kingdom Ministry December 2012, ,deprecated,False,,,,,,,
Babylon2, , ,no text left and right – empty!,deprecated,False,,,,,,,
daniel2_shift,0,4,Start 4.2,deprecated,False,,,,,,,
Gatam,گاتم,Gatam, ,deprecated,False,,,,,,,
Adbeel,ادبیل,Adbeel, ,deprecated,False,,,,,,,
Mibsam,مبسم,Mibsam, ,deprecated,False,,,,,,,
Dumah,دمہ,Dumah, ,deprecated,False,,,,,,,
Massa,مسا,Massa, ,deprecated,False,,,,,,,
tang-dynasty1, , , ,deprecated,False,,,,,,,
xia-dynasty,چین میں زیا خاندان c. 2070 - c. 1600 قبل مسیح,Xia dynasty in China c. 2070 – c. 1600 BC, ,deprecated,False,,,,,,,
Midianites,1) مڈیانیٹس: نمبر 31: 2 ، 3,"1) Midianites: Numbers 31:2, 3", ,deprecated,False,,,,,,,
Moabites,2) موآبائٹس: استثنا 23: 3 ، 4,"2) Moabites: Deuteronomy 23:3, 4", ,deprecated,False,,,,,,,
Ammonites,3) امونائٹس: جوشوا 12: 2,3) Ammonites: Joshua 12:2, ,deprecated,False,,,,,,,
Edomites,4) ایڈومائٹس: نمبر 20: 14-17,4) Edomites: Numbers 20:14-17, ,deprecated,False,,,,,,,
Temanites,5) تیمانیٹس: نوکری 42: 7,5) Temanites: Job 42:7, ,deprecated,False,,,,,,,
Amalekites,6) امالائکائٹس: 1 سموئیل 15: 2,6) Amalekites: 1 Samuel 15:2,2024-09-29,deprecated,False,,,,,,,
king_south_light, , ,2025-02-05,deprecated,False,,,,,,,
king_north_light, , ,2025-02-05,deprecated,False,,,,,,,
daniel2_iron, , ,2025-02-05,deprecated,False,,,,,,,
